{
  "max_absolute_error": 0.00390625,
  "mean_relative_error": 5.434003882292752e-07,
  "p99_relative_error": 8.838416077275253e-06,
  "max_relative_error": 9.692249268255014e-05,
  "correlation": 0.9999999999999999,
  "outside_tolerance": 0,
  "total_values": 86016
}
