n_ant,n_freq,n_beams,n_time,repeat,n_outputs,n_cmac,estimated_flop,cuda_setup_ms,weights_h2d_ms,cpu_ms,gpu_kernel_ms,gpu_h2d_ms,gpu_pipeline_kernel_ms,gpu_d2h_ms,gpu_pipeline_event_ms,gpu_pipeline_wall_ms,cpu_cmac_per_s,gpu_kernel_cmac_per_s,gpu_pipeline_cmac_per_s,cpu_estimated_flop_per_s,gpu_kernel_estimated_flop_per_s,gpu_pipeline_estimated_flop_per_s,speedup_kernel,speedup_pipeline
32,672,1,1,0,672,21504,174048,222.084917,0.0265919994563,0.017054,0.0165119990706,0.0133440000936,0.0156479999423,0.00668800016865,0.0356800002046,0.040656,1260935850.83,1302325654.69,528925619.835,10205699542.6,10540698267.7,4280991735.54,1.03282467053,0.419470680834
32,672,1,1,1,672,21504,174048,222.084917,0.0265919994563,0.016506,0.0143680004403,0.0147839998826,0.016127999872,0.00572799984366,0.0366399995983,0.041659,1302798982.19,1496659196.9,516190979.14,10544529262.1,12113585374.9,4177920737.42,1.14880286012,0.39621690391
32,672,1,1,2,672,21504,174048,222.084917,0.0265919994563,0.016996,0.0138879995793,0.0145600000396,0.0156159996986,0.00566399982199,0.0358399995603,0.040635,1265238879.74,1548387143.68,529198966.408,10240527182.9,12532258444.1,4283204134.37,1.22379035965,0.418260120586
32,672,1,1,3,672,21504,174048,222.084917,0.0265919994563,0.017469,0.0155840003863,0.014303999953,0.0159680005163,0.0130559997633,0.0433280002326,0.048099,1230980594.2,1379876762.51,447077901.827,9963249184.27,11168377546.6,3618536767.92,1.12095736441,0.363188423876
32,672,1,1,4,672,21504,174048,222.084917,0.0265919994563,0.016651,0.0156479999423,0.0137919997796,0.016351999715,0.00566399982199,0.0358079993166,0.040721,1291453966.73,1374233133.9,528081333.955,10452705543.2,11122699427.5,4274158296.7,1.06409765219,0.408904496451
32,672,1,1,5,672,21504,174048,222.084917,0.0265919994563,0.016491,0.0145600000396,0.01369599998,0.0161920003593,0.00563200004399,0.0355200003833,0.040478,1303983991.27,1476923072.9,531251544.049,10554120429.3,11953846121.3,4299817184.64,1.13262362329,0.407406492416
32,672,1,1,6,672,21504,174048,222.084917,0.0265919994563,0.016632,0.013919999823,0.01369599998,0.016448000446,0.00572799984366,0.0358720002696,0.040763,1292929292.93,1544827605.85,527537227.388,10464646464.6,12503448434.9,4269754434.17,1.1948276014,0.408017074308
32,672,1,1,7,672,21504,174048,222.084917,0.0265919994563,0.016471,0.0140479998663,0.013856000267,0.0162879992276,0.0133760003373,0.0435199998319,0.048304,1305567360.82,1530751723,445180523.352,10566935826.6,12389521758,3603179860.88,1.1724800795,0.340986253726
32,672,1,1,8,672,21504,174048,222.084917,0.0265919994563,0.016577,0.0140479998663,0.0143999997526,0.015519999899,0.00563200004399,0.0355519996956,0.040741,1297219038.43,1530751723,527822095.678,10499366592.3,12389521758,4272060086.89,1.18002563765,0.406887410716
32,672,1,1,9,672,21504,174048,222.084917,0.0265919994563,0.016638,0.0157440006733,0.013535999693,0.0165439993143,0.0128319999203,0.0429119989276,0.047918,1292463036.42,1365853600.13,448766643.015,10460872701,11054877576,3632205016.9,1.05678349139,0.347218164364
32,672,1,16,0,10752,344064,2784768,222.084917,0.0265919994563,0.230601,0.0147200003266,0.182559996843,0.0162560008466,0.012256000191,0.211071997881,0.217244,1492031691.1,23373912524.8,1583767560.9,12076131499.9,189182604498,12818618696,15.6658284567,1.06148386146
32,672,1,16,1,10752,344064,2784768,222.084917,0.0265919994563,0.227595,0.0175359994173,0.18041600287,0.0155840003863,0.00995200034231,0.205952003598,0.211935,1511737955.58,19620438608.2,1623441149.41,12235629078,158802924985,13139726803,12.9787299021,1.07389057966
32,672,1,16,2,10752,344064,2784768,222.084917,0.0265919994563,0.228747,0.0173119995743,0.177919998765,0.0161920003593,0.010879999958,0.204991999082,0.210818,1504124644.26,19874307327.9,1632042804.69,12174008839.5,160857674935,13209346450.5,13.2132050384,1.08504492026
32,672,1,16,3,10752,344064,2784768,222.084917,0.0265919994563,0.243847,0.0179839991033,0.186368003488,0.0148799996823,0.0100159998983,0.211264003068,0.218004,1410983116.46,19131673551.8,1578246270.71,11420144598.9,154846982810,12773930753.6,13.5591087722,1.11854369645
32,672,1,16,4,10752,344064,2784768,222.084917,0.0265919994563,0.228342,0.0166400000453,0.187360003591,0.0160639993846,0.00995200034231,0.213376003318,0.219457,1506792442.91,20676923020.6,1567796880.48,12195601334.8,167353845698,12689356001.4,13.7224759242,1.04048629116
32,672,1,16,5,10752,344064,2784768,222.084917,0.0265919994563,0.228428,0.0144959995523,0.161119997501,0.015519999899,0.0160959996283,0.192735997029,0.198051,1506225156.29,23735100070.8,1737249496.34,12191009858.7,192105966198,14060863111,15.7580026942,1.15337968503
32,672,1,16,6,10752,344064,2784768,222.084917,0.0265919994563,0.229052,0.0155520001426,0.160768002272,0.0155840003863,0.0164160002023,0.19276800286,0.198083,1502121788.94,22123456587.2,1736968846.39,12157798229.2,179061726753,14058591600.5,14.728137725,1.15634355296
32,672,1,16,7,10752,344064,2784768,222.084917,0.0265919994563,0.228479,0.0160959996283,0.174208000302,0.0155520001426,0.0160639993846,0.20582399983,0.211191,1505888943.84,21375746020.5,1629160333.54,12188288639.2,173009944353,13186016449.6,14.1947692145,1.08185954894
32,672,1,16,8,10752,344064,2784768,222.084917,0.0265919994563,0.252304,0.0143360001966,0.162816002965,0.0228160005063,0.00886400043964,0.194496003911,0.199925,1363688249.1,23999999670.8,1720965362.01,11037351766.1,194249997336,13929063398.8,17.5993301157,1.26199324747
32,672,1,16,9,10752,344064,2784768,222.084917,0.0265919994563,0.229206,0.01484800037,0.180352002382,0.0158399995416,0.016127999872,0.212320001796,0.217429,1501112536.32,23172413215.7,1582420008.37,12149629590.8,187551719465,12807711942.7,15.436826124,1.05416480782
32,672,1,256,0,172032,5505024,44556288,222.084917,0.0265919994563,4.5886,0.0533760003746,2.84764790535,0.0630080029368,0.0567359998822,2.96739190817,2.973667,1199717560.91,103136689924,1851257723.21,9710214008.63,834762584070,14983617197.2,85.9674754159,1.54307795728
32,672,1,256,1,172032,5505024,44556288,222.084917,0.0265919994563,4.428655,0.0541439987719,2.88953590393,0.0587840005755,0.0597440004349,3.00806390494,3.014427,1243046477.99,101673761171,1826225680.7,10060907431.3,822922004481,14781014103.2,81.7940141188,1.46915317571
32,672,1,256,2,172032,5505024,44556288,222.084917,0.0265919994563,4.298502,0.0550080016255,2.91961598396,0.0647360011935,0.0627520009875,3.04710398614,3.053357,1280684294.2,100076785873,1802941483.75,10365538506.2,809996485662,14592557634.1,78.1432132231,1.40779541993
32,672,1,256,3,172032,5505024,44556288,222.084917,0.0265919994563,4.171275,0.0539840012789,2.88847994804,0.0615039989352,0.0581439994276,3.00812794641,3.014362,1319746120.79,101975101319,1826265060.4,10681695165.1,825360976298,14781332832.6,77.2687259407,1.38380028676
32,672,1,256,4,172032,5505024,44556288,222.084917,0.0265919994563,4.082437,0.0522879995406,2.85184001923,0.0621440000832,0.0562880001962,2.97027201951,2.976385,1348465144.72,105282742663,1849567176.29,10914139765,852132198430,14969934333.1,78.0759837032,1.37160918362
32,672,1,256,5,172032,5505024,44556288,222.084917,0.0265919994563,4.165963,0.0537599995732,2.82979202271,0.0622720010579,0.0695040002465,2.96156802401,2.967264,1321428922.92,102400000813,1855252515.45,10695315344.9,828800006579,15015950046.9,77.4918718949,1.40397450311
32,672,1,256,6,172032,5505024,44556288,222.084917,0.0265919994563,4.101904,0.0541759990156,2.82659196854,0.0636160001159,0.0643199980259,2.95452796668,2.960423,1342065538.35,101613705331,1859539667.14,10862342951,822435927526,15050649180.9,75.7144136617,1.38558037145
32,672,1,256,7,172032,5505024,44556288,222.084917,0.0265919994563,4.126777,0.0525120012462,2.83436799049,0.0625599995255,0.0688320025802,2.9657599926,2.972113,1333976611.77,104833635538,1852225672.44,10796873201.5,848497237633,14991451536.3,78.587311511,1.38849936056
32,672,1,256,8,172032,5505024,44556288,222.084917,0.0265919994563,4.019006,0.0545919984579,2.85628795624,0.0595839992166,0.0564480014145,2.97231995687,2.978284,1369747644.07,100839393235,1848387863.62,11086394994.2,816168838999,14960389271.1,73.6189572378,1.34943678978
32,672,1,256,9,172032,5505024,44556288,222.084917,0.0265919994563,4.25761,0.0536959990859,2.845952034,0.0613120011985,0.0573120005429,2.96457603574,2.97042,1292984561.76,102522051805,1853281354.15,10465093796.8,829787856796,14999995960.2,79.2910099911,1.43333602656
32,672,1,1024,0,688128,22020096,178225152,222.084917,0.0265919994563,20.452249,0.230976000428,16.827999115,0.244959995151,0.176832005382,17.2497911155,17.257113,1076658904.36,95334995667,1276001148.05,8714208007.15,771617621180,10327634292,88.5470739907,1.1851489296
32,672,1,1024,1,688128,22020096,178225152,222.084917,0.0265919994563,20.091324,0.231296002865,15.7413759232,0.246687993407,0.167743995786,16.1558079123,16.162869,1096000243.69,95203097880,1362387828.55,8870751972.34,770550073466,11026826487.3,86.8641210879,1.24305431171
32,672,1,1024,2,688128,22020096,178225152,222.084917,0.0265919994563,20.612831,0.228607997298,15.6344003677,0.245248004794,0.166976004839,16.0466243774,16.053246,1068271311.2,96322509537,1371691183.2,8646320925.06,779610311565,11102125514.1,90.1667100172,1.28402884999
32,672,1,1024,3,688128,22020096,178225152,222.084917,0.0265919994563,21.328235,0.228351995349,15.5565757751,0.249472007155,0.176448002458,15.9824957848,15.989117,1032438736.73,96430495237.6,1377192749.29,8356301025.38,780484320830,11146653814.6,93.4006946925,1.33392200457
32,672,1,1024,4,688128,22020096,178225152,222.084917,0.0265919994563,20.351725,0.225536003709,15.4978561401,0.245792001486,0.168032005429,15.9116801471,15.91852,1081976884.02,97634504637.3,1383300457.58,8757250405.06,790229271909,11196088078.5,90.2371446923,1.27849354086
32,672,1,1024,5,688128,22020096,178225152,222.084917,0.0265919994563,20.709721,0.228607997298,15.6590719223,0.249535992742,0.16812799871,16.0767359138,16.083564,1063273426.04,96322509537,1369105504.23,8605869292.01,779610311565,11081197674.8,90.59053596,1.28763257945
32,672,1,1024,6,688128,22020096,178225152,222.084917,0.0265919994563,20.432148,0.225759997964,15.6540155411,0.25100800395,0.17497600615,16.0799995512,16.087014,1077718113.63,97537633764.2,1368811887.65,8722780982.21,789445223279,11078821215.7,90.5038456072,1.27010195926
32,672,1,1024,7,688128,22020096,178225152,222.084917,0.0265919994563,20.214046,0.228992000222,15.5064315796,0.24627199769,0.165951997042,15.9186555743,15.925175,1089346289.21,96160983696.5,1382722387.67,8816896528.29,778302961794,11191409325.2,88.2740269546,1.26931390079
32,672,1,1024,8,688128,22020096,178225152,222.084917,0.0265919994563,20.579504,0.227776005864,15.4879999161,0.249599993229,0.177632004023,15.9152319133,15.921907,1070001298.38,96674344237.7,1383006193.92,8660323008.76,782457973674,11193706382,90.3497447939,1.29252758479
32,672,1,1024,9,688128,22020096,178225152,222.084917,0.0265919994563,20.36456,0.227551996708,15.6092796326,0.248063996434,0.166112005711,16.0234556347,16.03019,1081294955.55,96769513423.6,1373664067.61,8751731046.48,783228249272,11118093547.2,89.4940949525,1.27038793676
32,672,1,4096,0,2752512,88080384,712900608,222.084917,0.0265919994563,85.945269,0.878080010414,65.0003814697,0.899295985699,0.605440020561,66.505117476,66.512091,1024842728.69,100310202892,1324276273.32,8294820835.34,811885704657,10718361087.2,97.8786306267,1.29217511745
32,672,1,4096,1,2752512,88080384,712900608,222.084917,0.0265919994563,85.347379,0.879392027855,64.8917770386,0.896607995033,0.60300797224,66.3913930058,66.398183,1032022131.58,100160544115,1326548107.5,8352929127.44,810674403928,10736748745.1,97.0527094818,1.2853872673
32,672,1,4096,2,2752512,88080384,712900608,222.084917,0.0265919994563,84.460284,0.880895972252,65.0675506592,0.895839989185,0.616544008255,66.5799346566,66.587303,1042861565.56,99989541074.7,1322780470.63,8440660796.26,809290348073,10706254434.1,95.8799752303,1.26841425009
32,672,1,4096,3,2752512,88080384,712900608,222.084917,0.0265919994563,85.555985,0.87961602211,65.0932769775,0.896607995033,0.604543983936,66.5944289565,66.601456,1029505814.23,100135038228,1322499375.99,8332562683.95,810467965658,10703979324.4,97.2651507584,1.28459631573
32,672,1,4096,4,2752512,88080384,712900608,222.084917,0.0265919994563,85.258388,0.881056010723,65.045501709,0.902463972569,0.601119995117,66.5490856767,66.556334,1033099335.63,99971378582.1,1323395967.09,8361647747.79,809143345399,10711236108.6,96.7684085488,1.28099585533
32,672,1,4096,5,2752512,88080384,712900608,222.084917,0.0265919994563,85.187338,0.879967987537,65.0064620972,0.897408008575,0.607327997684,66.5111981034,66.518502,1033960986.08,100094986690,1324148640.63,8368621731.08,810143798521,10717328060.1,96.8073148188,1.28065629019
32,672,1,4096,6,2752512,88080384,712900608,222.084917,0.0265919994563,85.194655,0.876416027546,65.0606689453,0.897920012474,0.595968008041,66.5545569658,66.56144,1033872183.65,100500654063,1323294447.96,8367902986.4,813427168826,10710414438.1,97.2080066114,1.27994008243
32,672,1,4096,7,2752512,88080384,712900608,222.084917,0.0265919994563,85.10835,0.876352012157,65.0170898438,0.898015975952,0.608448028564,66.5235538483,66.531017,1034920592.4,100507995392,1323899558.01,8376388544.72,813486587707,10715312047.6,97.116625305,1.27922815309
32,672,1,4096,8,2752512,88080384,712900608,222.084917,0.0265919994563,84.841479,0.879776000977,64.9126739502,0.897216022015,0.605472028255,66.4153620005,66.422511,1038175961.08,100116829627,1326062244.17,8402736684.97,810320589796,10732816288.7,96.4353186559,1.27730008581
32,672,1,4096,9,2752512,88080384,712900608,222.084917,0.0265919994563,85.06675,0.879455983639,65.1852493286,0.90105599165,0.622528016567,66.7088333368,66.71576,1035426697.27,100153260241,1320233540.02,8380484831.03,810615450077,10685640214.5,96.7265577614,1.27506229413
32,672,1,15360,0,10321920,330301440,2673377280,222.084917,0.0265919994563,320.198809,3.24438405037,244.093307495,3.23539209366,2.1565759182,249.485275507,249.492997,1031551119.85,101807133456,1323890626.08,8349116876.32,824001486413,10715239754.8,98.6932508695,1.28339798251
32,672,1,15360,1,10321920,330301440,2673377280,222.084917,0.0265919994563,321.363336,3.23910403252,244.338531494,3.24047994614,2.15228796005,249.7312994,249.738155,1027813079.46,101973087831,1322591015.38,8318862111.89,825344679628,10704721030.7,99.2136506805,1.28680111375
32,672,1,15360,2,10321920,330301440,2673377280,222.084917,0.0265919994563,319.21563,3.24515199661,244.207046509,3.24191999435,2.14995193481,249.598918438,249.605782,1034728280.69,101783041394,1323292422.77,8374832021.85,823806491280,10710398046.8,98.3669271372,1.27887914872
32,672,1,15360,3,10321920,330301440,2673377280,222.084917,0.0265919994563,321.512236,3.24841594696,244.118118286,3.24169588089,2.1490240097,249.508838177,249.51587,1027337074.66,101680771611,1323769265.66,8315009448.04,822978745225,10714257493.9,98.9750823939,1.28854423568
32,672,1,15360,4,10321920,330301440,2673377280,222.084917,0.0265919994563,322.946492,3.24729609489,244.022979736,3.23446393013,2.15212798119,249.409571648,249.416779,1022774509.65,101715836914,1324295187.05,8278081187.52,823262555023,10718514170.2,99.4508916227,1.2948066016
32,672,1,15360,5,10321920,330301440,2673377280,222.084917,0.0265919994563,318.881649,3.24083209038,244.543228149,3.24966406822,2.18368005753,249.976572275,249.983994,1035812004.35,101918714327,1321290354.29,8383603410.18,824904594082,10694193805.1,98.3949924301,1.27560826554
32,672,1,15360,6,10321920,330301440,2673377280,222.084917,0.0265919994563,317.579796,3.2417280674,244.313018799,3.23817610741,2.15644788742,249.707642794,249.714798,1040058102.44,101890545145,1322714723.54,8417970266.6,824676599770,10705722293.6,97.9662048751,1.27177002942
32,672,1,15360,7,10321920,330301440,2673377280,222.084917,0.0265919994563,318.281791,3.24262404442,244.269699097,3.24060797691,2.14928007126,249.659587145,249.66687,1037764174.2,101862391531,1322968642.18,8399403784.93,824448731453,10707777447.6,98.1556253948,1.274825895
32,672,1,15360,8,10321920,330301440,2673377280,222.084917,0.0265919994563,317.374054,3.24467206001,244.748291016,3.24144005775,2.15529608727,250.145027161,250.152184,1040732334.09,101798096661,1320401983.78,8423427329.07,823928344854,10687003556.2,97.8139078865,1.26872389809
32,672,1,15360,9,10321920,330301440,2673377280,222.084917,0.0265919994563,317.559374,3.2472319603,244.872161865,3.2331840992,2.17913603783,250.284482002,250.292161,1040124987.78,101717845857,1319663543.12,8418511619.81,823278814907,10681026802.1,97.7938680953,1.26875477335
32,672,4,1,0,2688,86016,696192,222.084917,0.0568320006132,0.05184,0.0118079995736,0.0135040003806,0.0110080000013,0.00659199990332,0.0311040002853,0.035672,1659259259.26,7284553108.55,2411302982.73,13429629629.6,58959351722.3,19516483516.5,4.39024406096,1.45324063691
32,672,4,1,1,2688,86016,696192,222.084917,0.0568320006132,0.051746,0.0115839997306,0.013151999563,0.012095999904,0.00732799991965,0.0325759993866,0.037362,1662273412.44,7425414537.3,2302232214.55,13454025431.9,60099448911.3,18633691986.5,4.46702358453,1.38499009689
32,672,4,1,2,2688,86016,696192,222.084917,0.0568320006132,0.051698,0.0126719996333,0.0135040003806,0.011872000061,0.00729600014165,0.0326720005833,0.037337,1663816782.08,6787878984.3,2303773736.51,13466517080,54939395529.2,18646168679.9,4.07970340088,1.38463186651
32,672,4,1,3,2688,86016,696192,222.084917,0.0568320006132,0.051661,0.0101439999416,0.013632000424,0.0118399998173,0.00736000016332,0.0328320004046,0.037431,1665008420.28,8479495316.92,2297988298.47,13476161901.6,68630915221.3,18599342790.7,5.09276422488,1.38016617242
32,672,4,1,4,2688,86016,696192,222.084917,0.0568320006132,0.051676,0.012703999877,0.0140159996226,0.011487999931,0.00652799988165,0.0320319994353,0.03659,1664525118.04,6770780921.99,2350806231.21,13472250174.2,54801008087.4,19026837933.9,4.0676952535,1.4122984422
32,672,4,1,5,2688,86016,696192,222.084917,0.0568320006132,0.051605,0.011424000375,0.01369599998,0.011872000061,0.00748800020665,0.0330560002476,0.037576,1666815231.08,7529411517.57,2289120715.35,13490785776.6,60941174470.3,18527570789.9,4.51724424949,1.37335001065
32,672,4,1,6,2688,86016,696192,222.084917,0.0568320006132,0.051792,0.0122880004346,0.013088000007,0.011487999931,0.00639999983832,0.0309759997763,0.035414,1660797034.29,6999999752.4,2428869938.44,13442075996.3,56656247996,19658666064.3,4.21484360092,1.46247246852
32,672,4,1,7,2688,86016,696192,222.084917,0.0568320006132,0.054956,0.00992000009865,0.0136000001803,0.0117440000176,0.00742400018498,0.0327680003829,0.037477,1565179416.26,8670967655.71,2295167702.86,12668170900.4,70180644463.4,18576513595,5.53991929975,1.46639272087
32,672,4,1,8,2688,86016,696192,222.084917,0.0568320006132,0.052685,0.0105919996276,0.0133440000936,0.0121600003913,0.00771200004965,0.0332160005346,0.037725,1632646863.43,8120846206.93,2280079522.86,13214235550.9,65728098987.3,18454393638.2,4.97403718392,1.39655400928
32,672,4,1,9,2688,86016,696192,222.084917,0.0568320006132,0.051773,0.011648000218,0.013759999536,0.0116800004616,0.00742400018498,0.0328640001826,0.037446,1661406524.64,7384615246.42,2297067777.6,13447009058.8,59769229650.7,18591892324.9,4.44479730693,1.3826042835
32,672,4,16,0,43008,1376256,11139072,222.084917,0.0568320006132,0.874293,0.010335999541,0.155231997371,0.0173760000616,0.0229119993746,0.195519996807,0.200737,1574135901.81,133151708700,6856015582.58,12740662455.3,1.07769664229e+12,55490876121.5,84.5871748091,4.35541529464
32,672,4,16,1,43008,1376256,11139072,222.084917,0.0568320006132,0.85355,0.0103679997846,0.155551999807,0.0173119995743,0.021759999916,0.194623999298,0.199705,1612390603.95,132740743498,6891444881.2,13050286450.7,1.07437039269e+12,55777632007.2,82.3254260927,4.27405422999
32,672,4,16,2,43008,1376256,11139072,222.084917,0.0568320006132,0.831451,0.010816000402,0.155456006527,0.017247999087,0.022655999288,0.195360004902,0.200585,1655246069.82,127242598821,6861210957.95,13397147877.6,1.02986978421e+12,55532926190.9,76.87231593,4.14513049331
32,672,4,16,3,43008,1376256,11139072,222.084917,0.0568320006132,0.831937,0.0102399997413,0.155775994062,0.0167679991573,0.0228160005063,0.195359993726,0.200744,1654279110.08,134400003395,6855776511.38,13389321547.2,1.08780002748e+12,55488941139,81.2438497086,4.14426832184
32,672,4,16,4,43008,1376256,11139072,222.084917,0.0568320006132,0.831148,0.0124479997903,0.162208005786,0.0178559999913,0.0217279996723,0.20179200545,0.206692,1655849499.73,110560413173,6658487024.17,13402031888.4,894848344123,53892129351.9,66.7696026672,4.02119095079
32,672,4,16,5,43008,1376256,11139072,222.084917,0.0568320006132,0.834921,0.0101760001853,0.156287997961,0.0185279995203,0.0218560006469,0.196671998128,0.201638,1648366731.7,135245280556,6825380136.68,13341468234.7,1.0946414895e+12,55242920481.3,82.0480527511,4.14069272657
32,672,4,16,6,43008,1376256,11139072,222.084917,0.0568320006132,0.824757,0.010335999541,0.160543993115,0.017343999818,0.0226879995316,0.200575992465,0.205696,1668680593.19,133151708700,6690728064.72,13505883551.2,1.07769664229e+12,54153080273.8,79.7946049368,4.00959182483
32,672,4,16,7,43008,1376256,11139072,222.084917,0.0568320006132,0.830034,0.0121919997036,0.174815997481,0.0182719994336,0.02208000049,0.215167997405,0.220157,1658071838.02,112881892508,6251247973.04,13420018939,913637817484,50596038281.8,68.0802181903,3.77019127259
32,672,4,16,8,43008,1376256,11139072,222.084917,0.0568320006132,0.832887,0.013088000007,0.162624001503,0.0174720007926,0.0227840002626,0.202880002558,0.207781,1652392221.27,105154034174,6623589259.85,13374049540.9,851090464094,53609675571.9,63.6374541226,4.00848489515
32,672,4,16,9,43008,1376256,11139072,222.084917,0.0568320006132,0.832997,0.0117760002613,0.156992003322,0.016896000132,0.0226240009069,0.196512004361,0.201525,1652174017.43,116869562624,6829207294.38,13372283453.6,945913022489,55273896538.9,70.7368360662,4.13346731175
32,672,4,256,0,688128,22020096,178225152,222.084917,0.0568320006132,13.716705,0.124416001141,2.90252804756,0.131136000156,0.169440001249,3.20310404897,3.208737,1605348806.44,176987652698,6862543112.76,12993291902.1,1.43249381402e+12,55543708318.9,110.248721018,4.27479877597
32,672,4,256,1,688128,22020096,178225152,222.084917,0.0568320006132,14.246196,0.124480001628,2.92630410194,0.130912005901,0.170944005251,3.2281601131,3.233852,1545682510.62,176896655784,6809246681.67,12510367820.3,1.43175730775e+12,55112340329.7,114.445660457,4.40533333003
32,672,4,256,2,688128,22020096,178225152,222.084917,0.0568320006132,13.668528,0.124416001141,2.89759993553,0.131104007363,0.179519996047,3.20822393894,3.213653,1611007125.27,176987652698,6852045320.39,13039088920.2,1.43249381402e+12,55458741811.9,109.861495906,4.25326816554
32,672,4,256,3,688128,22020096,178225152,222.084917,0.0568320006132,13.136925,0.124512001872,2.87651205063,0.13081599772,0.172159999609,3.17948804796,3.185268,1676198653.79,176851192407,6913106212.73,13566732854.1,1.43138933854e+12,55952953409.3,105.507298915,4.12427619905
32,672,4,256,4,688128,22020096,178225152,222.084917,0.0568320006132,13.275748,0.124255999923,2.8751680851,0.128895998001,0.171519994736,3.17558407784,3.181339,1658670833.46,177215555093,6921643999.59,13424867058.3,1.43433839904e+12,56022056121.7,106.841907097,4.17300639762
32,672,4,256,5,688128,22020096,178225152,222.084917,0.0568320006132,13.421338,0.124063998461,2.869535923,0.131328001618,0.178560003638,3.17942392826,3.185424,1640678149.97,177489813912,6912767656.68,13279238776.3,1.43655818135e+12,55950213221.2,108.180762885,4.21335997971
32,672,4,256,6,688128,22020096,178225152,222.084917,0.0568320006132,13.804697,0.123839996755,2.86665606499,0.128319993615,0.174431994557,3.16940805316,3.175352,1595116212.98,177810857372,6934694484.27,12910471848.8,1.43915662686e+12,56127683482,111.47203942,4.34745407753
32,672,4,256,7,688128,22020096,178225152,222.084917,0.0568320006132,13.358313,0.124831996858,2.86227202415,0.13046400249,0.1712000072,3.16393603384,3.169691,1648418928.35,176397851146,6947079699.57,13341890701.3,1.42772010771e+12,56227926318.4,107.010328571,4.21438966764
32,672,4,256,8,688128,22020096,178225152,222.084917,0.0568320006132,13.201015,0.124288000166,2.86687994003,0.133215993643,0.178304001689,3.17839993536,3.189779,1668060827.14,177169927672,6903329666.41,13500867319.7,1.4339691021e+12,55873824487.5,106.213109732,4.13853592992
32,672,4,256,9,688128,22020096,178225152,222.084917,0.0568320006132,13.208284,0.124416001141,2.84835195541,0.130912005901,0.16953599453,3.14879995584,3.154534,1667142832.48,176987652698,6980459237.4,13493437300.4,1.43249381402e+12,56498091952.7,106.162261115,4.18707929602
32,672,4,1024,0,2752512,88080384,712900608,222.084917,0.0568320006132,51.947536,0.467615991831,15.4003839493,0.471744000912,0.595776021481,16.4679039717,16.474176,1695564232.34,188360504214,5346572963.65,13723473005.5,1.52454283099e+12,43273824924.5,111.090161388,3.15327067041
32,672,4,1024,1,2752512,88080384,712900608,222.084917,0.0568320006132,51.89012,0.466560006142,15.39980793,0.471424013376,0.603392004967,16.4746239483,16.48085,1697440360.52,188786828791,5344407843.04,13738657917.9,1.52799339552e+12,43256300979.6,111.218534201,3.14850993729
32,672,4,1024,2,2752512,88080384,712900608,222.084917,0.0568320006132,51.309192,0.466816008091,15.545375824,0.472095996141,0.605152010918,16.622623831,16.629445,1716658956.55,188683298073,5296652053.03,13894208429.6,1.52715544378e+12,42869777554.2,109.913094476,3.08544223815
32,672,4,1024,3,2752512,88080384,712900608,222.084917,0.0568320006132,52.815052,0.46732801199,15.5984315872,0.471199989319,0.595008015633,16.6646395922,16.671168,1667713666.17,188476576923,5283396100.38,13498057485.6,1.52548229447e+12,42762487187.5,113.014950196,3.16804749373
32,672,4,1024,4,2752512,88080384,712900608,222.084917,0.0568320006132,50.980459,0.466975986958,15.4515199661,0.472032010555,0.601631999016,16.5251839757,16.531381,1727728343.91,188618658047,5328071744.28,13983801283.5,1.52663226357e+12,43124080680.3,109.171478671,3.08385966061
32,672,4,1024,5,2752512,88080384,712900608,222.084917,0.0568320006132,51.632926,0.463903993368,15.434176445,0.472063988447,0.60412800312,16.5103684366,16.516758,1705895652.71,189867699479,5332788916.57,13807092939.1,1.53674169266e+12,43162260293.5,111.300887119,3.12609326842
32,672,4,1024,6,2752512,88080384,712900608,222.084917,0.0568320006132,52.167722,0.468320012093,15.5692157745,0.472128003836,0.609535992146,16.6508797705,16.657302,1688407709.27,188077343965,5287794145.77,13665549896.9,1.52225100272e+12,42798083867.4,111.393322201,3.13182302872
32,672,4,1024,7,2752512,88080384,712900608,222.084917,0.0568320006132,52.208355,0.467456012964,15.5237121582,0.46944001317,0.608608007431,16.6017601788,16.608059,1687093646.22,188424967392,5303472488.87,13654914199.1,1.52506457983e+12,42924980456.8,111.686134207,3.14355548713
32,672,4,1024,8,2752512,88080384,712900608,222.084917,0.0568320006132,53.065647,0.467103987932,15.4479675293,0.471487998962,0.593375980854,16.5128315091,16.519133,1659838124.65,188566970687,5332022207.22,13434314821.4,1.52621391899e+12,43156054739.7,113.605638939,3.21237482621
32,672,4,1024,9,2752512,88080384,712900608,222.084917,0.0568320006132,52.128466,0.466080009937,15.4485759735,0.471487998962,0.618655979633,16.5387199521,16.545312,1689679186.03,188981252407,5323585557.04,13675840912,1.52956701167e+12,43087770602.3,111.844457794,3.15064871548
32,672,4,4096,0,11010048,352321536,2851602432,222.084917,0.0568320006132,200.146826,1.819231987,64.7011184692,1.81078398228,2.30288004875,68.8147825003,68.82173,1760315379.67,193664985289,5119335651.69,14247552604.2,1.56747597468e+12,41434622930.9,110.017209147,2.90819231077
32,672,4,4096,1,11010048,352321536,2851602432,222.084917,0.0568320006132,201.36914,1.81011199951,64.7010574341,1.80902397633,2.32636809349,68.8364495039,68.843221,1749630236.29,194640738305,5117737532.94,14161069725,1.57537347566e+12,41421688157.2,111.246784759,2.92503948936
32,672,4,4096,2,11010048,352321536,2851602432,222.084917,0.0568320006132,209.599929,1.8106880188,64.8685760498,1.80944001675,2.29644799232,68.9744640589,68.98117,1680923928.18,194578818848,5107503047.57,13604978043.7,1.57487231505e+12,41338852791.3,115.757064068,3.03850933523
32,672,4,4096,3,11010048,352321536,2851602432,222.084917,0.0568320006132,201.949247,1.81263995171,64.8293151855,1.81695997715,2.32601594925,68.9722911119,68.978962,1744604355.96,194369287551,5107666537.52,14120391506.1,1.57317642112e+12,41340176038,111.411671584,2.92769333061
32,672,4,4096,4,11010048,352321536,2851602432,222.084917,0.0568320006132,205.42078,1.81753599644,64.7605743408,1.80979204178,2.32380795479,68.8941743374,68.900883,1715121206.34,193845699172,5113454583.74,13881762263.8,1.56893862768e+12,41387023037.1,113.021574485,2.98139546339
32,672,4,4096,5,11010048,352321536,2851602432,222.084917,0.0568320006132,199.811256,1.81497597694,65.7959671021,1.80832004547,2.36473608017,69.9690232277,69.976442,1763271714.78,194119118091,5034859245.92,14271480441.5,1.57115161205e+12,40750892021.6,110.090303419,2.85540748128
32,672,4,4096,6,11010048,352321536,2851602432,222.084917,0.0568320006132,201.658125,1.82003200054,64.7956771851,1.80761599541,2.29414391518,68.8974370956,68.904124,1747122938.88,193579857879,5113214065.39,14140776286.6,1.56678697471e+12,41385076341.7,110.799219431,2.92664812051
32,672,4,4096,7,11010048,352321536,2851602432,222.084917,0.0568320006132,199.605657,1.81343996525,64.8697891235,1.80732798576,2.32396793365,69.001085043,69.007734,1765087930.35,194283539986,5105536953.29,14286180436.3,1.57248240176e+12,41322939715.7,110.070176474,2.8925113959
32,672,4,4096,8,11010048,352321536,2851602432,222.084917,0.0568320006132,199.955275,1.81177604198,64.677986145,1.8117120266,2.30243206024,68.7921302319,68.798707,1762001707.63,194461968718,5121048801.11,14261201321.1,1.57392655931e+12,41448488734,110.364233971,2.90638129289
32,672,4,4096,9,11010048,352321536,2851602432,222.084917,0.0568320006132,207.084609,1.81407999992,64.8056030273,1.80908799171,3.55750393867,70.1721949577,70.179325,1701341001.16,194214993834,5020303857.3,13770228728.1,1.57192760635e+12,40633084345,114.154066529,2.95079225969
32,672,4,15360,0,41287680,1321205760,10693509120,222.084917,0.0568320006132,742.646447,6.7275519371,244.707427979,6.73612785339,8.6042881012,260.047843933,260.055477,1779050805.85,196387299920,5080476578.46,14399192459.9,1.58950970873e+12,41120107306.9,110.388809175,2.85572315403
32,672,4,15360,1,41287680,1321205760,10693509120,222.084917,0.0568320006132,747.320019,6.72896003723,244.896514893,6.73231983185,8.59286403656,260.221698761,260.229563,1767925020.62,196346203974,5077077887.57,14309143135.6,1.58917708841e+12,41092599152.5,111.060255205,2.87177217832
32,672,4,15360,2,41287680,1321205760,10693509120,222.084917,0.0568320006132,738.590025,6.73059177399,244.826751709,6.72540807724,8.59065628052,260.142816067,260.149974,1788821559.02,196298602614,5078631143.74,14478274493.3,1.58879181491e+12,41105170819.7,109.73626834,2.8390932109
32,672,4,15360,3,41287680,1321205760,10693509120,222.084917,0.0568320006132,760.083428,6.72822380066,245.62902832,6.72393608093,8.60422420502,260.957188606,260.964714,1738237818.81,196367689177,5062775498.45,14068862346,1.58935098427e+12,40976839190.6,112.969403296,2.91259081103
32,672,4,15360,4,41287680,1321205760,10693509120,222.084917,0.0568320006132,737.721432,6.73456001282,248.449798584,6.7904958725,8.53030395508,263.770598412,263.778852,1790927717.01,196182936597,5008763022.44,14495321209.5,1.58785564308e+12,40539675712.9,109.542632421,2.79674214368
32,672,4,15360,5,41287680,1321205760,10693509120,222.084917,0.0568320006132,741.595762,6.73487997055,244.271682739,6.72630405426,8.53497600555,259.532962799,259.539988,1781571346.14,196173616423,5090567238.53,14419593082.8,1.58778020793e+12,41201778586.8,110.112691725,2.85734683012
32,672,4,15360,6,41287680,1321205760,10693509120,222.084917,0.0568320006132,738.677048,6.72287988663,244.409118652,6.7260799408,8.73113632202,259.866334915,259.873865,1788610819.27,196523778839,5084027052.89,14476568818.5,1.59061433498e+12,41148843959.4,109.87509229,2.84244453747
32,672,4,15360,7,41287680,1321205760,10693509120,222.084917,0.0568320006132,740.309222,6.72595214844,243.898880005,6.73052787781,8.53603172302,259.165439606,259.172755,1784667434.55,196434011251,5097780281.73,14444652048.4,1.58988777856e+12,41260159155.2,110.067571945,2.85643150261
32,672,4,15360,8,41287680,1321205760,10693509120,222.084917,0.0568320006132,749.070107,6.73049592972,243.942947388,6.72444820404,8.54281616211,259.210211754,259.217245,1763794533.59,196301397965,5096905338.99,14275712006.2,1.58881443978e+12,41253077587.5,111.294934998,2.88973870932
32,672,4,15360,9,41287680,1321205760,10693509120,222.084917,0.0568320006132,742.643843,6.7305598259,243.881408691,6.73577594757,8.55164813995,259.168832779,259.175776,1779057043.9,196299534389,5097720861.07,14399242949.1,1.58879935646e+12,41259678219.3,110.339089498,2.86540607483
32,672,16,1,0,10752,344064,2784768,222.084917,0.175871998072,0.210946,0.0101439999416,0.013632000424,0.00972799956799,0.010271999985,0.0336319999769,0.038265,1631052496.85,33917981267.7,8991611132.89,13201331146.4,274523660885,72775852606.8,20.7951499619,5.51276623546
32,672,16,1,1,10752,344064,2784768,222.084917,0.175871998072,0.216161,0.00975999981165,0.0136000001803,0.00960000045598,0.0101439999416,0.0333440005779,0.038169,1591702481.02,35252459696.7,9014226204.51,12882841955.8,285324595670,72958893342.8,22.14764387,5.66326076135
32,672,16,1,2,10752,344064,2784768,222.084917,0.175871998072,0.215464,0.0100159998983,0.013535999693,0.00950399972498,0.00995200034231,0.0329919997603,0.037957,1596851446.18,34351438048.4,9064573069.53,12924516392.5,278031951704,73366388281.5,21.5119810491,5.67652870353
32,672,16,1,3,10752,344064,2784768,222.084917,0.175871998072,0.214911,0.00911999959499,0.0139840003103,0.00944000016898,0.0117440000176,0.0351680004969,0.039795,1600960397.56,37726317464.9,8645910290.24,12957773217.8,305347381981,69977836411.6,23.5648036781,5.40045231813
32,672,16,1,4,10752,344064,2784768,222.084917,0.175871998072,0.21477,0.00988799985498,0.0133760003373,0.010048000142,0.0121280001476,0.0355520006269,0.04018,1602011454.11,34796117015.2,8563066202.09,12966280206.7,281631072092,69307317073.2,21.7202673088,5.34519661523
32,672,16,1,5,10752,344064,2784768,222.084917,0.175871998072,0.215995,0.00851199962199,0.0132799996063,0.00992000009865,0.00972799956799,0.0329279992729,0.037819,1592925762.17,40421054426.7,9097649329.7,12892742887.6,327157909266,73634099262.3,25.3753535705,5.7112826886
32,672,16,1,6,10752,344064,2784768,222.084917,0.175871998072,0.221073,0.0103040002286,0.0136639997363,0.00969600025564,0.0110719995573,0.0344319995493,0.039056,1556336594.7,33391303606.9,8809504301.52,12596599313.3,270260863568,71301925440.4,21.4550655177,5.66041069234
32,672,16,1,7,10752,344064,2784768,222.084917,0.175871998072,0.215057,0.00950399972498,0.0138879995793,0.00963199976832,0.0120000001043,0.0355199994519,0.040051,1599873521.9,36202021249.6,8590646925.17,12948976317.9,293010109489,69530548550.6,22.6280520016,5.36957878705
32,672,16,1,8,10752,344064,2784768,222.084917,0.175871998072,0.21613,0.0100159998983,0.0134079996496,0.0100800003856,0.00988799985498,0.0333759998903,0.03787,1591930782.4,34351438048.4,9085397412.2,12884689770,278031951704,73534935305,21.57847466,5.70715606021
32,672,16,1,9,10752,344064,2784768,222.084917,0.175871998072,0.215942,0.00828799977899,0.0137919997796,0.00944000016898,0.011935999617,0.0351679995656,0.039977,1593316723.94,41513514620.5,8606548765.54,12895907234.3,336000008960,69659254071.1,26.0547786871,5.40165595217
32,672,16,16,0,172032,5505024,44556288,222.084917,0.175871998072,3.61771,0.0302719995379,0.156223997474,0.0358400009573,0.0540799982846,0.246143996716,0.251344,1521687476.33,181852011232,21902348971.9,12316158011.6,1.47186471591e+12,177272136992,119.506806792,14.393460755
32,672,16,16,1,172032,5505024,44556288,222.084917,0.175871998072,3.611069,0.0291200000793,0.163936004043,0.0335040017962,0.0544960014522,0.251936007291,0.256874,1524485962.47,189046153332,21430833794,12338808258.7,1.53009230353e+12,173455811020,124.006490047,14.0577442637
32,672,16,16,2,172032,5505024,44556288,222.084917,0.175871998072,3.437645,0.0290559995919,0.157312005758,0.0340799987316,0.0541759990156,0.245568003505,0.250585,1601393977.56,189462557727,21968689267.1,12961282505.9,1.5334625766e+12,177809078756,118.311021761,13.7184787597
32,672,16,16,3,172032,5505024,44556288,222.084917,0.175871998072,3.450595,0.0289919991046,0.157536000013,0.0358400009573,0.0547199994326,0.248096000403,0.253194,1595383984.5,189880800566,21742316168.6,12912639124.6,1.53684772958e+12,175976871490,119.018870949,13.6282652827
32,672,16,16,4,172032,5505024,44556288,222.084917,0.175871998072,3.395071,0.0291840005666,0.168288007379,0.0360959991813,0.0548800006509,0.259264007211,0.264453,1621475368.26,188631575285,20816644167.4,13123816261.9,1.52673681246e+12,168484713730,116.333296809,12.8380884316
32,672,16,16,5,172032,5505024,44556288,222.084917,0.175871998072,3.374561,0.0287999995053,0.15689599514,0.0364799983799,0.0554880015552,0.248863995075,0.253837,1631330416.02,191146669950,21687240236.8,13203580554.6,1.54709335991e+12,175531100667,117.172258957,13.2942045486
32,672,16,16,6,172032,5505024,44556288,222.084917,0.175871998072,3.357974,0.0291520003229,0.157567992806,0.0336959995329,0.0543039999902,0.24556799233,0.250637,1639388512.24,188838636766,21964131393.2,13268800770.9,1.52841271633e+12,177772188464,115.188459207,13.3977585113
32,672,16,16,7,172032,5505024,44556288,222.084917,0.175871998072,3.374415,0.0288319997489,0.157087996602,0.0362240001559,0.0625279992819,0.25583999604,0.260878,1631400998.4,190934518866,21101909704.9,13204151830.8,1.54537626207e+12,170793581674,117.037147246,12.9348392735
32,672,16,16,8,172032,5505024,44556288,222.084917,0.175871998072,3.371666,0.0280000008643,0.156831994653,0.0331199988723,0.0541759990156,0.244127992541,0.249445,1632731118.68,196607993931,22069089378.4,13214917491.8,1.59129595088e+12,178621692157,120.41663914,13.5166710096
32,672,16,16,9,172032,5505024,44556288,222.084917,0.175871998072,3.357016,0.027519999072,0.157279998064,0.0361279994249,0.0553600005805,0.24876799807,0.253661,1639856348.61,200037216048,21702287698.9,13272587321.6,1.61905121739e+12,175652891063,121.984597137,13.234261475
32,672,16,256,0,2752512,88080384,712900608,222.084917,0.175871998072,52.936614,0.395359992981,2.9793279171,0.394080013037,0.605664014816,3.97907194495,3.984869,1663883980.19,222785273077,22103708804.5,13467060964.6,1.80316830397e+12,178901893136,133.894716056,13.2844050833
32,672,16,256,1,2752512,88080384,712900608,222.084917,0.175871998072,55.914089,0.393664002419,2.89257597923,0.397343993187,0.609408020973,3.89932799339,3.904791,1575280677.47,223745080726,22557003435,12749927983.3,1.81093674713e+12,182570746552,142.035056943,14.3193551204
32,672,16,256,2,2752512,88080384,712900608,222.084917,0.175871998072,52.001276,0.393920004368,2.89955210686,0.39843198657,0.605696022511,3.90368011594,3.909177,1693811974.92,223599672582,22531695034.5,13709290672,1.80975984996e+12,182365906686,132.009736554,13.3023590387
32,672,16,256,3,2752512,88080384,712900608,222.084917,0.175871998072,51.867884,0.394432008266,2.8751039505,0.395936012268,0.601184010506,3.87222397327,3.878138,1698168060.99,223309422547,22712029329.5,13744547743.6,1.80741063874e+12,183825487386,131.500189926,13.3744296876
32,672,16,256,4,2752512,88080384,712900608,222.084917,0.175871998072,51.440253,0.394784003496,2.90275192261,0.397280007601,0.609471976757,3.90950390697,3.915105,1712285202.02,223110316578,22497578992.1,13858808353.8,1.8057991248e+12,182089779968,130.29973997,13.1389204121
32,672,16,256,5,2752512,88080384,712900608,222.084917,0.175871998072,51.987922,0.395135998726,2.87798404694,0.397504001856,0.606303989887,3.88179203868,3.887354,1694247059.92,222911565345,22658184461.7,13712812141.3,1.80419048201e+12,183389680487,131.569692885,13.3736011693
32,672,16,256,6,2752512,88080384,712900608,222.084917,0.175871998072,52.283598,0.394239991903,2.86265611649,0.397439986467,0.60054397583,3.86064007878,3.866458,1684665695.73,223418186407,22780639024.1,13635262974.8,1.80829094623e+12,184380797102,132.618707066,13.522349913
32,672,16,256,7,2752512,88080384,712900608,222.084917,0.175871998072,52.960587,0.395424008369,2.87772798538,0.396512001753,0.603839993477,3.87807998061,3.88362,1663130810.84,222749206259,22679969719,13460965000.3,1.80287638816e+12,183566004913,133.933665835,13.6369127258
32,672,16,256,8,2752512,88080384,712900608,222.084917,0.175871998072,53.239986,0.392479985952,2.87897610664,0.398207992315,0.608799993992,3.88598409295,3.891868,1654402839.25,224420065105,22631904268.1,13390322980.2,1.81639990195e+12,183176975170,135.6501934,13.6798026038
32,672,16,256,9,2752512,88080384,712900608,222.084917,0.175871998072,52.55071,0.393887996674,2.86067199707,0.398528009653,0.601791977882,3.86099198461,3.866692,1676102644.47,223617842493,22779260411.7,13565955778.7,1.80990691268e+12,184369638958,133.415362854,13.5906118201
32,672,16,1024,0,11010048,352321536,2851602432,222.084917,0.175871998072,203.048768,1.53708803654,15.6412801743,1.53654396534,2.32854390144,19.506368041,19.512624,1735157220.95,229213634890,18056081847.3,14043928757.1,1.85519785739e+12,146141412452,132.099634617,10.4060206357
32,672,16,1024,1,11010048,352321536,2851602432,222.084917,0.175871998072,199.978958,1.54009604454,15.5495357513,1.53532803059,2.29920005798,19.3840638399,19.390062,1761793038.25,228765950831,18170211936.4,14259512403.3,1.85157441454e+12,147065152860,129.848368035,10.313476976
32,672,16,1024,2,11010048,352321536,2851602432,222.084917,0.175871998072,211.032844,1.53571200371,15.5636482239,1.53539204597,2.32131195068,19.4203522205,19.426673,1669510438.86,229419015512,18135968830.1,13512600114.5,1.8568601568e+12,146787997718,137.416939824,10.863046081
32,672,16,1024,3,11010048,352321536,2851602432,222.084917,0.175871998072,203.844446,1.53612804413,15.592543602,1.53110396862,2.32844805717,19.4520956278,19.45838,1728384279.84,229356880337,18106416669.8,13989110265,1.85635725023e+12,146548809921,132.700165705,10.4759207087
32,672,16,1024,4,11010048,352321536,2851602432,222.084917,0.175871998072,200.058735,1.53571200371,15.5682878494,1.53696000576,2.31913590431,19.4243837595,19.430656,1761090491.75,229419015512,18132251222,14253826167.6,1.8568601568e+12,146757908328,130.270997763,10.296036068
32,672,16,1024,5,11010048,352321536,2851602432,222.084917,0.175871998072,201.041594,1.53587198257,15.4850883484,1.53500795364,2.31587195396,19.335968256,19.342564,1752480812.5,229395118862,18214831084.4,14184141576.2,1.85666674329e+12,147426289090,130.897364026,10.3937406644
32,672,16,1024,6,11010048,352321536,2851602432,222.084917,0.175871998072,199.832186,1.53580796719,15.6249923706,1.53459203243,2.32873606682,19.4883204699,19.494854,1763087033.44,229404680486,18072540374,14269985676.9,1.85674413268e+12,146274623652,130.115346625,10.2505094934
32,672,16,1024,7,11010048,352321536,2851602432,222.084917,0.175871998072,203.664509,1.53539204597,15.5464315414,1.53628802299,2.30012798309,19.3828475475,19.388957,1729911302.32,229466823749,18171247478.7,14001469603.1,1.85724710472e+12,147073534280,132.646583349,10.5041498106
32,672,16,1024,8,11010048,352321536,2851602432,222.084917,0.175871998072,202.918438,1.53548800945,15.5345916748,1.53382396698,2.32147192955,19.3898875713,19.396097,1736271673.84,229452482749,18164558364.5,14052948860.2,1.85713103225e+12,147019394263,132.152408062,10.4618180658
32,672,16,1024,9,11010048,352321536,2851602432,222.084917,0.175871998072,200.315866,1.53404796124,15.5887041092,1.53302395344,2.32022404671,19.4419521093,19.447976,1758829907.16,229667875388,18116102981.6,14235529561.1,1.85887436642e+12,146627208507,130.579923876,10.3000880914
32,672,16,4096,0,44040192,1409286144,11406409728,222.084917,0.175871998072,814.474893,6.08688020706,64.5840301514,6.07910394669,9.12716770172,79.7903017998,79.797444,1730300290.55,231528483568,17660793045,14004617976.6,1.87393366388e+12,142942043708,133.808267174,10.2067792171
32,672,16,4096,1,44040192,1409286144,11406409728,222.084917,0.175871998072,808.650282,6.07833576202,64.6152648926,6.07795190811,9.23164844513,79.9248652458,79.931512,1742763436.02,231853948050,17631170845.4,14105491560.3,1.87656789203e+12,142702289030,133.038106755,10.1167895085
32,672,16,4096,2,44040192,1409286144,11406409728,222.084917,0.175871998072,793.731691,6.08080005646,64.7182693481,6.0759677887,9.18691158295,79.9811487198,79.987503,1775519561.56,231759987323,17618829081.3,14370611451.4,1.8758073974e+12,142602397877,130.530799176,9.9231962648
32,672,16,4096,3,44040192,1409286144,11406409728,222.084917,0.175871998072,793.909768,6.07804822922,65.1210250854,6.07990407944,9.1116476059,80.3125767708,80.319199,1775121305.73,231864916311,17546068207.2,14367388068.2,1.87665666639e+12,142013489552,130.619195186,9.88443333455
32,672,16,4096,4,44040192,1409286144,11406409728,222.084917,0.175871998072,807.031808,6.08038377762,64.7229156494,6.07366418839,9.20697593689,80.0035557747,80.010008,1746258487,231775854213,17613873304.4,14133779629.2,1.87593582004e+12,142562287058,132.727116826,10.0866357619
32,672,16,4096,5,44040192,1409286144,11406409728,222.084917,0.175871998072,802.469284,6.08444786072,64.79737854,6.07808017731,9.1186876297,79.994146347,80.000609,1756187024.35,231621040440,17615942698.6,14214138728.3,1.87468279606e+12,142579036217,131.888595707,10.0307896906
32,672,16,4096,6,44040192,1409286144,11406409728,222.084917,0.175871998072,804.751746,6.08288002014,65.0752334595,6.07555198669,9.23727989197,80.3880653381,80.394873,1751206071.94,231680739935,17529552462.9,14173824144.8,1.87516598885e+12,141879815246,132.297816714,10.0099883981
32,672,16,4096,7,44040192,1409286144,11406409728,222.084917,0.175871998072,806.554137,6.07657623291,64.9538574219,6.10899209976,9.12335968018,80.1862092018,80.192719,1747292685.45,231921083515,17573741875.5,14142150172.9,1.8771112697e+12,142237473305,132.731674233,10.0576978441
32,672,16,4096,8,44040192,1409286144,11406409728,222.084917,0.175871998072,795.054979,6.10886383057,64.8015060425,6.10867214203,9.11087989807,80.0210580826,80.027386,1772564390.17,230695295081,17610048440.2,14346693032.9,1.86719004456e+12,142531329563,130.14776578,9.93478631178
32,672,16,4096,9,44040192,1409286144,11406409728,222.084917,0.175871998072,793.458968,6.11308813095,64.8097305298,6.10678386688,9.11804771423,80.0345621109,80.040886,1776129832.59,230535878726,17607078262.5,14375550832.5,1.86589976844e+12,142507289687,129.796749368,9.91317072627
32,672,16,15360,0,165150720,5284823040,42774036480,222.084917,0.175871998072,2972.466522,22.8582725525,243.895935059,22.8498249054,34.0737609863,300.81952095,300.827261,1777925167.83,231199581152,17567633406.7,14390081827.1,1.87127160995e+12,142188032886,130.038983268,9.88097459026
32,672,16,15360,1,165150720,5284823040,42774036480,222.084917,0.175871998072,2957.657659,22.8601913452,244.235198975,22.8597126007,34.451423645,301.54633522,301.555116,1786827161.66,231180175187,17525230910,14462132339.7,1.87111454292e+12,141844837678,129.38026696,9.80801685023
32,672,16,15360,2,165150720,5284823040,42774036480,222.084917,0.175871998072,2953.749951,22.8520317078,243.982650757,22.8516159058,34.0715522766,300.905818939,300.913103,1789191071.58,231262721301,17562621857.6,14481265235.6,1.87178265053e+12,142147470660,129.25546353,9.81595657202
32,672,16,15360,3,165150720,5284823040,42774036480,222.084917,0.175871998072,2965.27943,22.8507843018,244.135009766,22.8620796204,34.1537284851,301.150817871,301.158108,1782234411.55,231275345748,17548333913.7,14424959768.5,1.87188482965e+12,142031827614,129.767074549,9.84625467895
32,672,16,15360,4,165150720,5284823040,42774036480,222.084917,0.175871998072,2947.547838,22.8539524078,244.287139893,22.857503891,34.0617294312,301.206373215,301.213945,1792955816.31,231243285437,17545080922.5,14511736138.3,1.8716253415e+12,142005498716,128.973220273,9.78556234506
32,672,16,15360,5,165150720,5284823040,42774036480,222.084917,0.175871998072,2965.011909,22.857088089,244.306137085,22.8514881134,34.2353591919,301.39298439,301.401102,1782395215.33,231211562008,17534186188.9,14426261274.1,1.87136858e+12,141917319466,129.719581841,9.83742889235
32,672,16,15360,6,165150720,5284823040,42774036480,222.084917,0.175871998072,2956.933867,22.8526077271,244.662368774,22.847743988,34.0839691162,301.594081879,301.601714,1787264537.42,231256892129,17522523230.8,14465672349.8,1.87173547067e+12,141822922399,129.391529506,9.80410166701
32,672,16,15360,7,165150720,5284823040,42774036480,222.084917,0.175871998072,2959.799985,22.851360321,243.948806763,22.8497276306,34.0659828186,300.864517212,300.87236,1785533842.42,231269515939,17565000121.6,14451664537.1,1.87183764463e+12,142166719735,129.524017101,9.83739411955
32,672,16,15360,8,165150720,5284823040,42774036480,222.084917,0.175871998072,2967.459348,22.8587837219,244.002853394,22.8520641327,34.0412483215,300.896165848,300.903776,1780925168.72,231194411054,17563166239.6,14414363084.3,1.87122976447e+12,142151876751,129.817027192,9.86182156784
32,672,16,15360,9,165150720,5284823040,42774036480,222.084917,0.175871998072,2949.607665,22.8544006348,244.515548706,22.8522567749,34.5306549072,301.898460388,301.906211,1791703724.77,231238750228,17504850339.1,14501602022.4,1.87158863466e+12,141679882432,129.060819058,9.76994694886
32,672,32,1,0,21504,688128,5569536,222.084917,0.307552009821,0.413613,0.0104639995843,0.0136000001803,0.00982400029898,0.012864000164,0.0362880006433,0.040833,1663700125.48,65761470502.3,16852251855.1,13465572890.6,532256901878,136397913452,39.5272378088,10.129380648
32,672,32,1,1,21504,688128,5569536,222.084917,0.307552009821,0.416357,0.00998399965465,0.013248000294,0.00911999959499,0.0145600000396,0.0369279999286,0.041583,1652735513.03,68923079307.1,16548300988.4,13376828058.6,557846173142,133937811125,41.7024253207,10.0126734483
32,672,32,1,2,21504,688128,5569536,222.084917,0.307552009821,0.412881,0.00985599961132,0.0132160000503,0.0102399997413,0.0143680004403,0.0378240002319,0.042413,1666649712.63,69818184571.5,16224459481.8,13489446111.6,565090931376,131316718931,41.8913368793,9.7347747153
32,672,32,1,3,21504,688128,5569536,222.084917,0.307552009821,0.416251,0.00835200026631,0.0128319999203,0.0104000000283,0.0129599999636,0.0361919999123,0.040989,1653156388.81,82390801970.6,16788113884.2,13380234522,666850553449,135878796750,49.8384802116,10.1551879773
32,672,32,1,4,21504,688128,5569536,222.084917,0.307552009821,0.410994,0.00988799985498,0.01331199985,0.00908800028265,0.0137919997796,0.0361919999123,0.040787,1674301814.63,69592234030.4,16871257998.9,13551380312.1,563262144183,136551744428,41.5649277941,10.0765930321
32,672,32,1,5,21504,688128,5569536,222.084917,0.307552009821,0.418361,0.00972799956799,0.0134079996496,0.010111999698,0.0129599999636,0.0364799993113,0.041003,1644818709.2,70736845246.6,16782381776.9,13312751427.6,572526341215,135832402507,43.0058612849,10.2031802551
32,672,32,1,6,21504,688128,5569536,222.084917,0.307552009821,0.410267,0.00975999981165,0.01331199985,0.0101439999416,0.0127999996766,0.0362559994683,0.04086,1677268705.5,70504919393.4,16841116005.9,13575393585.2,570649191340,136307782673,42.0355540899,10.0407978463
32,672,32,1,7,21504,688128,5569536,222.084917,0.307552009821,0.412464,0.00809600017965,0.0130559997633,0.00921600032598,0.0140159996226,0.0362879997119,0.041053,1668334691.03,84996045544.8,16761941880,13503083905.5,687936743628,135666967091,50.9466391857,10.0471098336
32,672,32,1,8,21504,688128,5569536,222.084917,0.307552009821,0.419806,0.00975999981165,0.0135679999366,0.00982400029898,0.013024000451,0.0364160006866,0.041071,1639157134.49,70504919393.4,16754595700.1,13266928057.2,570649191340,135607508948,43.0129106661,10.2214701371
32,672,32,1,9,21504,688128,5569536,222.084917,0.307552009821,0.410991,0.00988799985498,0.0129920002073,0.00940799992532,0.0141120003536,0.0365120004863,0.041104,1674314036.07,69592234030.4,16741144414.2,13551479229.5,563262144183,135498637602,41.564624396,9.99880790191
32,672,32,16,0,344064,11010048,89112576,222.084917,0.307552009821,6.78197,0.0543360002339,0.16268800199,0.0612800009549,0.0955839976668,0.319552000612,0.324727,1623429180.61,202628974393,33905551432.4,13139629930.5,1.64002826149e+12,274423056906,124.815407295,20.8851435206
32,672,32,16,1,344064,11010048,89112576,222.084917,0.307552009821,6.853722,0.0547199994326,0.161055997014,0.0609599985182,0.0965759977698,0.318591993302,0.323828,1606433409.47,201207019630,33999678841.9,13002070407.9,1.62851931513e+12,275184900626,125.250768843,21.1646985437
32,672,32,16,2,344064,11010048,89112576,222.084917,0.307552009821,6.939962,0.0536959990859,0.166015997529,0.0588160008192,0.0964799970388,0.321311995387,0.326691,1586470934.57,205044103610,33701718137.3,12840499126.7,1.65957571359e+12,272773281174,129.245420853,21.2431992311
32,672,32,16,3,344064,11010048,89112576,222.084917,0.307552009821,6.931602,0.0546239987016,0.160704001784,0.0611840002239,0.0969280004501,0.318816002458,0.323873,1588384330.2,201560637480,33994954812.5,12855985672.6,1.6313814096e+12,275146665514,126.896641856,21.4022224761
32,672,32,16,4,344064,11010048,89112576,222.084917,0.307552009821,6.922479,0.0537599995732,0.160607993603,0.0603520013392,0.0965119972825,0.317471992224,0.322729,1590477630.92,204800001626,34115459100.4,12872928325.2,1.65760001316e+12,276121997094,128.766351469,21.4498201277
32,672,32,16,5,344064,11010048,89112576,222.084917,0.307552009821,6.935009,0.0562559999526,0.160799995065,0.0610879994929,0.0981120020151,0.319999996573,0.325188,1587603995.9,195713310745,33857485516.1,12849669841.8,1.58405460884e+12,274034023396,123.275899564,21.3261528716
32,672,32,16,6,344064,11010048,89112576,222.084917,0.307552009821,6.933012,0.0601279996336,0.160383999348,0.0614079982042,0.0977279990911,0.319519996643,0.324864,1588061292.84,183110166097,33891252955.1,12853371088.9,1.48204790685e+12,274307328605,115.304218372,21.3412751182
32,672,32,16,7,344064,11010048,89112576,222.084917,0.307552009821,6.934066,0.0537599995732,0.160416007042,0.0602880008519,0.0960960015655,0.316800009459,0.322161,1587819902.49,204800001626,34175607848.2,12851417335.8,1.65760001316e+12,276608826022,128.981883464,21.5236046573
32,672,32,16,8,344064,11010048,89112576,222.084917,0.307552009821,6.929853,0.0533760003746,0.158048003912,0.0587840005755,0.0955199971795,0.312352001667,0.317467,1588785216.66,206273379847,34680921166.6,12859230347.3,1.66952516814e+12,280698705692,129.830878136,21.8285774584
32,672,32,16,9,344064,11010048,89112576,222.084917,0.307552009821,6.790015,0.0542399995029,0.158559992909,0.0613760016859,0.0954239964485,0.315359991044,0.320518,1621505696.23,202987612480,34350794651.2,13124061728.9,1.64293098851e+12,278026744208,125.184643478,21.1845044584
32,672,32,256,0,5505024,176160768,1425801216,222.084917,0.307552009821,102.847136,0.778591990471,3.15049600601,0.776000022888,1.17897605896,5.10547208786,5.115657,1712840773.71,226255561521,34435609736.9,13863305012.2,1.83125595106e+12,278713216308,132.093750332,20.1043846372
32,672,32,256,1,5505024,176160768,1425801216,222.084917,0.307552009821,102.547348,0.775359988213,3.06556797028,0.772480010986,1.18844795227,5.02649593353,5.032651,1717848110.51,227198682777,35003573265.9,13903833144.5,1.83888933873e+12,283310171121,132.257724875,20.3764075832
32,672,32,256,2,5505024,176160768,1425801216,222.084917,0.307552009821,103.738058,0.777119994164,2.98015999794,0.774432003498,1.17852795124,4.93311995268,4.938845,1698130574.22,226684127706,35668413971.3,13744244335.1,1.83472465862e+12,288691225580,133.490398882,21.0045178579
32,672,32,256,3,5505024,176160768,1425801216,222.084917,0.307552009821,103.513559,0.777087986469,2.8968000412,0.772063970566,1.17263996601,4.84150397778,4.847001,1701813460.01,226693464662,36344281340.2,13774052692,1.83480022961e+12,294161527097,133.206999468,21.3562074776
32,672,32,256,4,5505024,176160768,1425801216,222.084917,0.307552009821,102.593578,0.779263973236,2.90716791153,0.774528026581,1.18502402306,4.86671996117,4.87163,1717074025.82,226060454545,36160539285.6,13897567896.5,1.82967680397e+12,292674364843,131.654460521,21.0593944942
32,672,32,256,5,5505024,176160768,1425801216,222.084917,0.307552009821,101.954732,0.781664013863,2.87897610664,0.774176001549,1.17980802059,4.83296012878,4.838616,1727833172.08,225366352903,36407263564.6,13984649736.5,1.82405891881e+12,294671289476,130.432935624,21.0710525489
32,672,32,256,6,5505024,176160768,1425801216,222.084917,0.307552009821,102.874963,0.778496026993,2.85654401779,0.775391995907,1.18012797832,4.81206399202,4.817588,1712377461.56,226283451542,36566175438.8,13859555079.5,1.83148168592e+12,295957482458,132.145777798,21.3540391997
32,672,32,256,7,5505024,176160768,1425801216,222.084917,0.307552009821,103.66926,0.77724802494,2.85635209084,0.777631998062,1.17392003536,4.80790412426,4.813482,1699257504.1,226646787573,36597367145,13753365423.8,1.83442243692e+12,296209940330,133.379895057,21.5372696937
32,672,32,256,8,5505024,176160768,1425801216,222.084917,0.307552009821,106.406263,0.777567982674,2.83769607544,0.77455997467,1.18288004398,4.79513609409,4.804904,1655548865.58,226553525769,36662702938.5,13399598630.8,1.83366759919e+12,296738751908,136.844964519,22.1453462962
32,672,32,256,9,5505024,176160768,1425801216,222.084917,0.307552009821,105.372693,0.778208017349,2.83017611504,0.775744020939,1.18083202839,4.78675216436,4.792363,1671787661.34,226367197552,36758644535.1,13531031384,1.83215950519e+12,297515279206,135.404275786,21.9876276067
32,672,32,1024,0,22020096,704643072,5703204864,222.084917,0.307552009821,404.360902,3.02694392204,15.6618556976,3.02415990829,4.57411193848,23.2601275444,23.266559,1742609308.95,232790263100,30285659001,14104244094.3,1.88414619196e+12,245124552539,133.587179814,17.3794888191
32,672,32,1024,1,22020096,704643072,5703204864,222.084917,0.307552009821,403.464022,3.02582406998,15.5872001648,3.02332806587,4.63119983673,23.2417280674,23.247788,1746483040.81,232876418359,30310112600.8,14135597111.6,1.88484351109e+12,245322473863,133.340211681,17.3549424143
32,672,32,1024,2,22020096,704643072,5703204864,222.084917,0.307552009821,401.283518,3.02764797211,15.7832641602,3.02089595795,4.65456008911,23.4587202072,23.465096,1755973122.23,232736129990,30029413559.6,14212407458,1.88370805211e+12,243050565998,132.539688133,17.1012945355
32,672,32,1024,3,22020096,704643072,5703204864,222.084917,0.307552009821,399.771403,3.02579188347,15.5872955322,3.02844810486,4.61747217178,23.2332158089,23.239236,1762615001.25,232878895555,30321266671.6,14266165166.4,1.88486356089e+12,245412752123,132.121249047,17.2024331179
32,672,32,1024,4,22020096,704643072,5703204864,222.084917,0.307552009821,402.164643,3.0256960392,15.6727676392,3.02902388573,4.62540817261,23.3271996975,23.333601,1752125862.54,232886272405,30198642378.4,14181268699.9,1.88492326728e+12,244420261750,132.916405941,17.2354298421
32,672,32,1024,5,22020096,704643072,5703204864,222.084917,0.307552009821,402.60263,3.02588796616,15.5775356293,3.02895998955,4.57324790955,23.1797435284,23.185821,1750219743.97,232871500823,30391120159.2,14165841052.8,1.88480370978e+12,245978128788,133.05272188,17.3641739924
32,672,32,1024,6,22020096,704643072,5703204864,222.084917,0.307552009821,406.531804,3.02348804474,15.5967683792,3.02409601212,4.62665605545,23.2475204468,23.25382,1733303680.22,233056344716,30302250210.9,14028926661.8,1.88629979005e+12,245258837645,134.457883737,17.4823665101
32,672,32,1024,7,22020096,704643072,5703204864,222.084917,0.307552009821,401.86806,3.02399992943,15.527551651,3.02943992615,4.56409597397,23.1210875511,23.127616,1753418950.49,233016894327,30467605134.9,14191734630.5,1.88598048846e+12,246597179061,132.892880085,17.3761126093
32,672,32,1024,8,22020096,704643072,5703204864,222.084917,0.307552009821,417.494888,3.02553606033,15.5838403702,3.02675199509,4.61491203308,23.2255043983,23.231615,1687788502.93,232898586547,30331213391.8,13660538195.6,1.88502293487e+12,245493258389,137.990385728,17.9709799771
32,672,32,1024,9,22020096,704643072,5703204864,222.084917,0.307552009821,406.578224,3.02739191055,15.5362558365,3.01881599426,4.58419179916,23.1392636299,23.145478,1733105784.83,232755815177,30444092448.6,14027324946,1.88386737909e+12,246406873256,134.299831674,17.5662055456
32,672,32,4096,0,88080384,2818572288,22812819456,222.084917,0.307552009821,1592.213203,12.0508480072,64.7188491821,12.052895546,18.2679672241,95.0397119522,95.04677,1770222909.02,233889954161,29654582559.7,14327741669.9,1.89304681649e+12,240016777593,132.124577627,16.7518917581
32,672,32,4096,1,88080384,2818572288,22812819456,222.084917,0.307552009821,1597.106224,12.055680275,64.6648330688,12.0412797928,18.263967514,94.9700803757,94.976659,1764799514.05,233796204255,29676473332.3,14283846066.8,1.89228802819e+12,240193956033,132.477486759,16.8157760108
32,672,32,4096,2,88080384,2818572288,22812819456,222.084917,0.307552009821,1594.384313,12.0527362823,64.7532196045,12.0520963669,18.2067203522,95.0120363235,95.018665,1767812355.54,233853311146,29663353910.5,14308231252.6,1.89275023709e+12,240087770713,132.284012165,16.7796959997
32,672,32,4096,3,88080384,2818572288,22812819456,222.084917,0.307552009821,1594.665999,12.0560321808,65.1388168335,12.0483522415,18.2013759613,95.3885450363,95.395722,1767500084.51,233789379933,29546107822.3,14305703809,1.89223279383e+12,239138810187,132.271212874,16.7163261158
32,672,32,4096,4,88080384,2818572288,22812819456,222.084917,0.307552009821,1594.276951,12.0533123016,65.5353317261,12.0512638092,18.4931526184,96.0797481537,96.086735,1767931403.78,233842135462,29333625375,14309194799.4,1.89265978389e+12,237419030379,132.268783145,16.5920608188
32,672,32,4096,5,88080384,2818572288,22812819456,222.084917,0.307552009821,1596.119626,12.0586557388,64.9767990112,12.0507202148,18.3755512238,95.4030704498,95.409658,1765890376.94,233738515225,29541792173.7,14292675238.4,1.8918211076e+12,239103880406,132.362981461,16.7291200855
32,672,32,4096,6,88080384,2818572288,22812819456,222.084917,0.307552009821,1588.861436,12.0575361252,64.7425613403,12.0483837128,18.1762237549,94.967168808,94.973782,1773957265.33,233760219230,29677372308.9,14357966616.3,1.8919967744e+12,240201232125,131.773309199,16.7294742037
32,672,32,4096,7,88080384,2818572288,22812819456,222.084917,0.307552009821,1610.377576,12.0510721207,64.8032608032,12.0491523743,18.211648941,95.0640621185,95.070961,1750255548.76,233885604515,29647036890.7,14166130847.8,1.89301161155e+12,239955704834,133.629403249,16.9386904167
32,672,32,4096,8,88080384,2818572288,22812819456,222.084917,0.307552009821,1626.917459,12.0492162704,64.8917770386,12.0580797195,18.4127998352,95.3626565933,95.36927,1732461762.22,233921628157,29554302848.3,14022112387.9,1.8933031779e+12,239205138678,135.02267886,17.0591371728
32,672,32,4096,9,88080384,2818572288,22812819456,222.084917,0.307552009821,1644.328127,12.0480642319,64.892829895,12.0535039902,18.2139205933,95.1602544785,95.167284,1714117907.32,233943995795,29617029818.8,13873641812.4,1.89348421597e+12,239712835096,136.48069062,17.2782920547
32,672,32,15360,0,330301440,10569646080,85548072960,222.084917,0.307552009821,6066.432626,45.1390419006,243.876190186,45.1488952637,70.5191650391,359.544250488,359.552495,1742316569.16,234157519410,29396670102.4,14101874731.7,1.89521242273e+12,237929298641,134.394359529,16.8721750241
32,672,32,15360,1,330301440,10569646080,85548072960,222.084917,0.307552009821,6013.197886,45.1312332153,244.187225342,45.1319694519,69.450592041,358.769786835,358.778055,1757741268.52,234198033756,29460124254.3,14226718392.1,1.89554033571e+12,238442880683,133.238058382,16.7602165244
32,672,32,15360,2,330301440,10569646080,85548072960,222.084917,0.307552009821,6071.820936,45.1345901489,243.984283447,45.1404151917,69.1096954346,358.234394073,358.24291,1740770386.91,234180615026,29504131931,14089360319,1.89539935286e+12,238799067817,134.526998383,16.9488935203
32,672,32,15360,3,330301440,10569646080,85548072960,222.084917,0.307552009821,5992.521628,45.1328010559,244.391296387,45.1378555298,68.6371231079,358.166275024,358.175116,1763806079.67,234189898094,29509716359,14275805457.3,1.8954744877e+12,238844266780,132.775309482,16.7307033915
32,672,32,15360,4,330301440,10569646080,85548072960,222.084917,0.307552009821,5956.109091,45.1423377991,244.205245972,45.1209602356,68.6208648682,357.947071075,357.955321,1774589067.88,234140423277,29527836184.9,14363080268.2,1.8950740509e+12,238990924122,131.940643338,16.6392528385
32,672,32,15360,5,330301440,10569646080,85548072960,222.084917,0.307552009821,5958.469168,45.1418228149,243.861221313,45.1343040466,70.727645874,359.723171234,359.731546,1773886174.79,234143094383,29382038349.2,14357391227.2,1.89509567017e+12,237810872889,131.99442992,16.5636548539
32,672,32,15360,6,330301440,10569646080,85548072960,222.084917,0.307552009821,5967.521138,45.1323509216,243.846939087,45.1383361816,68.3426589966,357.327934265,357.335697,1771195415.24,234192233823,29579037775.2,14335612892.1,1.8954933925e+12,239405336993,132.222696495,16.700041972
32,672,32,15360,7,330301440,10569646080,85548072960,222.084917,0.307552009821,5955.597903,45.1185264587,243.804962158,45.1425933838,68.1072006226,357.054756165,357.063288,1774741386.53,234263991083,29601604071.9,14364313097.2,1.89607417783e+12,239587982957,131.998945233,16.6793901898
32,672,32,15360,8,330301440,10569646080,85548072960,222.084917,0.307552009821,5948.106355,45.1367683411,243.907806396,45.1319351196,70.4778594971,359.517601013,359.526203,1776976645.87,234169314031,29398819868.5,14382404727.5,1.89530788544e+12,237946698311,131.779623877,16.544291641
32,672,32,15360,9,330301440,10569646080,85548072960,222.084917,0.307552009821,5946.997177,45.0938873291,243.884994507,45.1330223083,68.9568328857,357.974849701,357.983586,1777308070.85,234391992042,29525504781.1,14385087198.4,1.89711018559e+12,238972054322,131.880339648,16.6124856266
64,672,1,1,0,672,43008,346080,0.690284,0.0100800003856,0.023684,0.0266559999436,0.0230400003493,0.0278399996459,0.0128319999203,0.0637119999155,0.068404,1815909474.75,1613445381.56,628735161.686,14612396554.6,12983193304.8,5059353254.2,0.88850540404,0.34623706216
64,672,1,1,1,672,43008,346080,0.690284,0.0100800003856,0.023601,0.0262720007449,0.023647999391,0.0282240007073,0.012703999877,0.0645759999752,0.06939,1822295665.44,1637027968.2,619801124.081,14663785432.8,13172959431.6,4987462170.34,0.89833280035,0.340121054907
64,672,1,1,2,672,43008,346080,0.690284,0.0100800003856,0.023516,0.0271039996296,0.0235840007663,0.0274240002036,0.00566399982199,0.0566720007919,0.061288,1828882463,1586776881.19,701736065.788,14716788569.5,12768595215.8,5646782404.39,0.867621027205,0.383696645347
64,672,1,1,3,672,43008,346080,0.690284,0.0100800003856,0.02361,0.0259520001709,0.0235840007663,0.0274560004473,0.0129920002073,0.0640320014209,0.068657,1821601016.52,1657213305.98,626418282.185,14658195679.8,13335388321.5,5040709614.46,0.909756467497,0.343883362221
64,672,1,1,4,672,43008,346080,0.690284,0.0100800003856,0.02358,0.0258879996836,0.023647999391,0.0283199995756,0.0127999996766,0.0647679986432,0.069478,1823918575.06,1661310279.88,619016091.425,14676844783.7,13368356158.4,4981145110.68,0.910846735483,0.339388007715
64,672,1,1,5,672,43008,346080,0.690284,0.0100800003856,0.023548,0.0247680004686,0.023647999391,0.0282559990883,0.012864000164,0.0647679986432,0.069649,1826397146.25,1736434075.67,617496302.89,14696789536.3,13972867952.7,4968915562.32,0.950742876069,0.338095306465
64,672,1,1,6,672,43008,346080,0.690284,0.0100800003856,0.023642,0.0264320001006,0.023744000122,0.0283199995756,0.0127999996766,0.0648639993742,0.069567,1819135436.93,1627118637.87,618224158.006,14638355469.1,13093220289.1,4974772521.45,0.894446122503,0.339845041471
64,672,1,1,7,672,43008,346080,0.690284,0.0100800003856,0.023642,0.0261439997703,0.0238080006093,0.0261760000139,0.00614400021732,0.0561280008405,0.060845,1819135436.93,1645042854.11,706845262.552,14638355469.1,13237454216.7,5687895472.1,0.904299273552,0.388561097872
64,672,1,1,8,672,43008,346080,0.690284,0.0100800003856,0.023593,0.0248000007123,0.024095999077,0.0279680006206,0.0127999996766,0.0648639993742,0.069549,1822913576.06,1734193498.58,618384160.807,14668757682.4,13954838308.9,4976060044,0.951330617838,0.339228457634
64,672,1,1,9,672,43008,346080,0.690284,0.0100800003856,0.023653,0.0264320001006,0.0234559997916,0.0284480005503,0.0127680003643,0.0646720007062,0.06947,1818289434.74,1627118637.87,619087375.846,14631547795.2,13093220289.1,4981718727.51,0.894862284729,0.340477904131
64,672,1,16,0,10752,688128,5537280,0.690284,0.0100800003856,0.414664,0.0261760000139,0.301952004433,0.0324160009623,0.0127360001206,0.347104005516,0.352402,1659483340.73,26288508543.4,1952679042.68,13353655007.4,211540342186,15712964171.6,15.8413814097,1.17667890648
64,672,1,16,1,10752,688128,5537280,0.690284,0.0100800003856,0.421326,0.0271359998733,0.297728002071,0.0327679999173,0.0123840002343,0.342880002223,0.347952,1633243616.58,25358490684.5,1977652089.94,13142507227.2,204056604726,15913919161.3,15.5264593885,1.21087391364
64,672,1,16,2,10752,688128,5537280,0.690284,0.0100800003856,0.413411,0.0273919999599,0.29667198658,0.0327679999173,0.0127680003643,0.342207986861,0.347352,1664513039.08,25121495363.8,1981068195.95,13394128361.4,202149533006,15941408139.3,15.0923992627,1.19017883876
64,672,1,16,3,10752,688128,5537280,0.690284,0.0100800003856,0.412011,0.0269760005176,0.304704010487,0.033055998385,0.0114559996873,0.349216008559,0.35436,1670169000.34,25508896307.7,1941889603.79,13439641174.6,205266899976,15626142905.5,15.2732425895,1.16269048425
64,672,1,16,4,10752,688128,5537280,0.690284,0.0100800003856,0.418509,0.0264320001006,0.296095997095,0.0330879986286,0.0114559996873,0.340639995411,0.346073,1644237041.5,26033898206,1988389732.8,13230969943.3,209491524626,16000323631.1,15.8334215499,1.2093084407
64,672,1,16,5,10752,688128,5537280,0.690284,0.0100800003856,0.413548,0.0265919994563,0.302816003561,0.0339520014822,0.0113599998876,0.348128004931,0.353291,1663961619.93,25877256846.8,1947765439.82,13389691160.4,208231051189,15673425023.6,15.5515947825,1.17055911416
64,672,1,16,6,10752,688128,5537280,0.690284,0.0100800003856,0.417322,0.0268799997866,0.299008011818,0.0323520004749,0.012864000164,0.344224012457,0.349549,1648913788.39,25600000203.2,1968616703.24,13268603141,206000001635,15841212533.9,15.5253721471,1.19388698008
64,672,1,16,7,10752,688128,5537280,0.690284,0.0100800003856,0.413475,0.0261439997703,0.299616008997,0.0328960008919,0.0114559996873,0.343968009576,0.349131,1664255396.34,26320685665.8,1970973646,13392055142.4,211799267467,15860178557.6,15.8152923666,1.18429758457
64,672,1,16,8,10752,688128,5537280,0.690284,0.0100800003856,0.413853,0.0266559999436,0.306111991405,0.0323840007186,0.0125759998336,0.351071991958,0.356422,1662735319.06,25815126105,1930655234.53,13379823270.6,207731092876,15535741340.3,15.525697812,1.16113202889
64,672,1,16,9,10752,688128,5537280,0.690284,0.0100800003856,0.418989,0.026847999543,0.299647986889,0.0328320004046,0.011648000218,0.344127987511,0.349325,1642353379.21,25630512951.2,1969879052.46,13215812348.3,206245533904,15851370500.3,15.6059671906,1.19942460459
64,672,1,256,0,172032,11010048,88596480,0.690284,0.0100800003856,10.400507,0.10447999835,7.64627218246,0.110880002379,0.0597760006785,7.81692818552,7.822332,1058606854.45,105379480990,1407514792.26,8518477031.94,847975511093,11326095594,99.5454361049,1.32959161028
64,672,1,256,1,172032,11010048,88596480,0.690284,0.0100800003856,10.403698,0.103295996785,7.6440320015,0.114496000111,0.0594879984856,7.81801600009,7.823281,1058282160.82,106587363912,1407344054.24,8515864262.88,857695193980,11324721686.5,100.717339721,1.32983820983
64,672,1,256,2,172032,11010048,88596480,0.690284,0.0100800003856,10.371654,0.103583998978,7.66348791122,0.110463999212,0.0610239990056,7.83497590944,7.840207,1061551802.63,106291011243,1404305779.17,8542174661.82,855310481098,11300273066.8,100.127955112,1.32288012294
64,672,1,256,3,172032,11010048,88596480,0.690284,0.0100800003856,10.451314,0.100928001106,7.63491201401,0.109151996672,0.0614079982042,7.80547200888,7.810982,1053460646.19,109088140847,1409560027.15,8477066137.33,877818633375,11342553343.5,103.552174674,1.33802817623
64,672,1,256,4,172032,11010048,88596480,0.690284,0.0100800003856,10.341025,0.10175999999,7.638463974,0.107391998172,0.0600639991462,7.80591997132,7.811784,1064696004.51,108196226425,1409415314.09,8567475661.26,870641509516,11341388855.6,101.62170795,1.3237725211
64,672,1,256,5,172032,11010048,88596480,0.690284,0.0100800003856,10.374477,0.103104002774,7.60217618942,0.108127996325,0.0539200007915,7.76422418654,7.769762,1061262943.66,106785844427,1417037999.36,8539850249.8,859292341874,11402727651.1,100.621476576,1.33523742426
64,672,1,256,6,172032,11010048,88596480,0.690284,0.0100800003856,10.306919,0.102784000337,7.64502382278,0.109535999596,0.0624959990382,7.81705582142,7.822457,1068219125.42,107118306000,1407492300.69,8595825774.9,861967618592,11325914607.1,100.277465035,1.31760634798
64,672,1,256,7,172032,11010048,88596480,0.690284,0.0100800003856,10.238209,0.102655999362,7.63465595245,0.108415998518,0.0608320012689,7.80390395224,7.809375,1075388087.9,107251870990,1409850084.03,8653513519.8,863042399375,11344887395,99.7331774429,1.31101515806
64,672,1,256,8,172032,11010048,88596480,0.690284,0.0100800003856,10.492561,0.101856000721,7.58377599716,0.11027199775,0.0604799985886,7.7545279935,7.759786,1049319417.82,108094249941,1418859746.91,8443742190.3,869820917496,11417387025.9,103.013675441,1.35217143875
64,672,1,256,9,172032,11010048,88596480,0.690284,0.0100800003856,10.319367,0.103455998003,7.57334423065,0.110495999455,0.0595839992166,7.74342422932,7.748718,1066930558.82,106422519839,1420886396.95,8585456840.52,856368714330,11433695225.5,99.7464351912,1.33175152328
64,672,1,1024,0,688128,44040192,354385920,0.690284,0.0100800003856,42.166311,0.447840005159,32.0788154602,0.463936001062,0.167999997735,32.710751459,32.717258,1044440240.46,98339119981.8,1346084442.65,8404480059.92,791322606103,10831773249.5,94.1548555605,1.28880944118
64,672,1,1024,1,688128,44040192,354385920,0.690284,0.0100800003856,42.385706,0.448415994644,32.1307182312,0.469631999731,0.168991997838,32.7693422288,32.775552,1039034055.49,98212803570.8,1343690321.37,8360977165.27,790306153734,10812508054.8,94.5231804981,1.2932110495
64,672,1,1024,2,688128,44040192,354385920,0.690284,0.0100800003856,42.113562,0.447008013725,32.0612487793,0.471424013376,0.174143999815,32.7068167925,32.713302,1045748445.6,98522153177.9,1346247223.84,8415007023.15,792795451354,10833083129.3,94.2120962196,1.2873528328
64,672,1,1024,3,688128,44040192,354385920,0.690284,0.0100800003856,42.359379,0.448704004288,32.0235824585,0.468127995729,0.169568002224,32.6612784564,32.667547,1039679831,98149763717.6,1348132812.05,8366173640.08,789798879915,10848256222,94.40383548,1.29668073945
64,672,1,1024,4,688128,44040192,354385920,0.690284,0.0100800003856,41.898755,0.448096007109,32.0490875244,0.467296004295,0.169855996966,32.6862395257,32.693024,1051109800.28,98282937811,1347082239.93,8458149174.12,790870515198,10839802399.4,93.503968648,1.28158089628
64,672,1,1024,5,688128,44040192,354385920,0.690284,0.0100800003856,41.971521,0.450848013163,32.1614074707,0.464576005936,0.169727995992,32.7957114726,32.802441,1049287491.87,97683012266.3,1342588864.04,8443485286.13,786042989330,10803644765.3,93.0946123186,1.27952431955
64,672,1,1024,6,688128,44040192,354385920,0.690284,0.0100800003856,41.939312,0.450688004494,32.0715827942,0.469312012196,0.169247999787,32.7101428062,32.716619,1050093334.86,97717692862.7,1346110733.51,8449969803.99,786322059754,10831984808.7,93.0561975953,1.28189627418
64,672,1,1024,7,688128,44040192,354385920,0.690284,0.0100800003856,41.878085,0.447712004185,32.0268173218,0.464991986752,0.168671995401,32.6604813039,32.666583,1051628602.41,98367235160.9,1348172595.83,8462323909.99,791548845435,10848576357.1,93.5379990006,1.28198547733
64,672,1,1024,8,688128,44040192,354385920,0.690284,0.0100800003856,42.116982,0.45004799962,32.0803527832,0.469951987267,0.171424001455,32.7217287719,32.728075,1045663528.31,97856655372.6,1345639546.48,8414323704.39,787440273702,10828193225.5,93.5833111924,1.28687623699
64,672,1,1024,9,688128,44040192,354385920,0.690284,0.0100800003856,41.921681,0.448511987925,32.1002883911,0.467359989882,0.170463994145,32.7381123751,32.744596,1050534972.58,98191783465.6,1344960615.79,8453523607.51,790137007574,10822729955.2,93.4683623374,1.28026258134
64,672,1,4096,0,2752512,176160768,1417543680,0.690284,0.0100800003856,168.840454,1.75734400749,130.168029785,1.77462399006,0.590367972851,132.533021748,132.540438,1043356398.46,100242620255,1329109595.97,8395758518.87,806639834862,10695178780.1,96.0770647524,1.27387879916
64,672,1,4096,1,2752512,176160768,1417543680,0.690284,0.0100800003856,168.88728,1.75743997097,130.301498413,1.77436804771,0.597311973572,132.673178434,132.680621,1043067115.53,100237146594,1327705332.34,8393430695.31,806595788997,10683878846.2,96.0984629858,1.27288581201
64,672,1,4096,2,2752512,176160768,1417543680,0.690284,0.0100800003856,168.792052,1.76057600975,130.466522217,1.77427196503,0.610336005688,132.851130188,132.858849,1043655586.34,100058598450,1325924237.08,8398166046.35,805159034401,10669546595.3,95.873197786,1.27046149557
64,672,1,4096,3,2752512,176160768,1417543680,0.690284,0.0100800003856,169.563966,1.75945603848,130.527297974,1.77881598473,0.596992015839,132.903105974,132.910576,1038904504.04,100122290155,1325408205.29,8359934680.93,805671553595,10665394151.9,96.3729483954,1.2757748187
64,672,1,4096,4,2752512,176160768,1417543680,0.690284,0.0100800003856,170.687565,1.75868797302,130.412963867,1.7743999958,0.603904008865,132.791267872,132.79857,1032065622.36,100166016202,1326526091.36,8304903054.89,806023411625,10674389641.4,97.0539217975,1.28531176955
64,672,1,4096,5,2752512,176160768,1417543680,0.690284,0.0100800003856,169.126226,1.76124799252,130.274658203,1.77347195148,0.598432004452,132.646562159,132.653868,1041593442.76,100020422308,1327973097.63,8381572234.69,804851835757,10686033520,96.0263555835,1.27494379583
64,672,1,4096,6,2752512,176160768,1417543680,0.690284,0.0100800003856,169.233651,1.75945603848,130.487640381,1.77731204033,0.608287990093,132.873240411,132.880975,1040932267.07,100122290155,1325703457.55,8376251836.58,805671553595,10667770010,96.1852113945,1.27357321844
64,672,1,4096,7,2752512,176160768,1417543680,0.690284,0.0100800003856,168.964795,1.76076805592,130.527526855,1.77020800114,0.610047996044,132.907782853,132.915284,1042588593.68,100047685104,1325361257.93,8389580089.75,805071216074,10665016372.4,95.9608475587,1.27122171292
64,672,1,4096,8,2752512,176160768,1417543680,0.690284,0.0100800003856,168.693778,1.75558400154,130.482086182,1.77056002617,0.601984024048,132.854630232,132.862041,1044263576.81,100343115365,1325892381.86,8403058469.65,807448506455,10669290260.3,96.0898355487,1.26969130333
64,672,1,4096,9,2752512,176160768,1417543680,0.690284,0.0100800003856,169.659855,1.75673604012,130.699996948,1.77203202248,0.603359997272,133.075388968,133.083026,1038317332.05,100277312002,1323690731.23,8355209781.36,806918995017,10651573852.9,96.5767486553,1.2748421801
64,672,1,15360,0,10321920,660602880,5315788800,0.690284,0.0100800003856,636.021832,6.60748815536,488.456604004,6.60444784164,2.14838409424,497.20943594,497.219534,1038648119.87,99977913613.6,1328593980.78,8357871589.54,804509773609,10691029689.1,96.2577332028,1.27915696892
64,672,1,15360,1,10321920,660602880,5315788800,0.690284,0.0100800003856,638.146551,6.60447978973,488.717346191,6.61136007309,2.154047966,497.48275423,497.493041,1035189924.58,100023453933,1327863559,8330043924.35,804876230867,10685152076.3,96.6232877254,1.28272457785
64,672,1,15360,2,10321920,660602880,5315788800,0.690284,0.0100800003856,637.080237,6.61193609238,488.770965576,6.60150384903,2.15676808357,497.529237509,497.539727,1036922575.26,99910657146.5,1327738960.63,8343986347.83,803968569226,10684149448.8,96.353054249,1.28046104146
64,672,1,15360,3,10321920,660602880,5315788800,0.690284,0.0100800003856,635.148095,6.61222410202,489.653869629,6.6178560257,2.16044807434,498.432173729,498.443017,1040076928.83,99906305322.9,1325332801.28,8369369036.68,803933550645,10664787385.3,96.056649805,1.27426420541
64,672,1,15360,4,10321920,660602880,5315788800,0.690284,0.0100800003856,636.450189,6.6076798439,488.886016846,6.61664009094,2.15651202202,497.659168959,497.669674,1037949067.21,99975013258.2,1327392273.45,8352246400.23,804486434812,10681359700.5,96.3197679118,1.27886070269
64,672,1,15360,5,10321920,660602880,5315788800,0.690284,0.0100800003856,635.582185,6.61606407166,489.149749756,6.61100816727,2.14784002304,497.908597946,497.919087,1039366576.96,99848319612,1326727368.46,8363652923.97,803466946878,10676009293.1,96.0665099546,1.27647684452
64,672,1,15360,6,10321920,660602880,5315788800,0.690284,0.0100800003856,635.160611,6.6056637764,489.792785645,6.60796785355,2.14742398262,498.548177481,498.558555,1040056433.85,100005525919,1325025663.23,8369204116.15,804731966376,10662315883.8,96.153941905,1.27399400658
64,672,1,15360,7,10321920,660602880,5315788800,0.690284,0.0100800003856,637.867791,6.60579204559,489.171234131,6.59977579117,2.1691839695,497.940193892,497.950712,1035642321.69,100003584043,1326643107.6,8333684307.32,804716340343,10675331256.5,96.5618939557,1.28098579965
64,672,1,15360,8,10321920,660602880,5315788800,0.690284,0.0100800003856,636.220198,6.61254405975,489.132507324,6.6026558876,2.16137599945,497.896539211,497.906965,1038324281.56,99901471208.4,1326759668.85,8355265703.15,803894651130,10676269210.3,96.2141336603,1.2777893115
64,672,1,15360,9,10321920,660602880,5315788800,0.690284,0.0100800003856,638.72153,6.61171197891,488.656219482,6.6087679863,2.15449595451,497.419483423,497.42982,1034258043.56,99914043761.6,1328032324.24,8322545194.3,803995820894,10686510109.1,96.6045605188,1.28404350588
64,672,4,1,0,2688,172032,1384320,0.690284,0.0806720033288,0.107269,0.019328000024,0.0235840007663,0.020320000127,0.00950399972498,0.0534080006182,0.058042,1603743858.9,8900662240.62,2963922676.68,12905126364.6,71622516467.5,23850315288.9,5.54992755934,1.84812721822
64,672,4,1,1,2688,172032,1384320,0.690284,0.0806720033288,0.102443,0.0186240002513,0.0239039994776,0.0199360009283,0.00940799992532,0.0532480003312,0.05802,1679294827.37,9237113277.43,2965046535.68,13513075564,74329895904.3,23859358841.8,5.50059056152,1.76564977594
64,672,4,1,2,2688,172032,1384320,0.690284,0.0806720033288,0.102371,0.0179839991033,0.023871999234,0.0199360009283,0.00950399972498,0.0533119998872,0.057958,1680475916.03,9565836775.89,2968218365.02,13522579636.8,76975092806,23884882156,5.69233791728,1.76629628352
64,672,4,1,3,2688,172032,1384320,0.690284,0.0806720033288,0.102902,0.0179520007223,0.0233280006796,0.020096000284,0.00963199976832,0.0530560007319,0.058133,1671804240.93,9582887314.97,2959283023.41,13452799751.2,77112296362.7,23812980579,5.73206304923,1.77011336074
64,672,4,1,4,2688,172032,1384320,0.690284,0.0806720033288,0.102588,0.0179839991033,0.0235840007663,0.0202559996396,0.00995200034231,0.0537920007482,0.05843,1676921277.34,9565836775.89,2944240972.1,13493975903.6,76975092806,23691939072.4,5.70440419902,1.7557419134
64,672,4,1,5,2688,172032,1384320,0.690284,0.0806720033288,0.102792,0.017888000235,0.023744000122,0.0201280005276,0.00966400001198,0.0535360006616,0.058134,1673593275.74,9617173397.83,2959232118.9,13467195890.7,77388192185.6,23812570956.8,5.74642210699,1.76819073176
64,672,4,1,6,2688,172032,1384320,0.690284,0.0806720033288,0.102872,0.0165119990706,0.0236159991473,0.020223999396,0.00975999981165,0.0535999983549,0.058235,1672291780.08,10418605237.6,2954099768.18,13456722917.8,83837214021,23771271572.1,6.23013600957,1.7664978106
64,672,4,1,7,2688,172032,1384320,0.690284,0.0806720033288,0.102232,0.018559999764,0.0234880000353,0.0171520002186,0.012319999747,0.0529600000009,0.057785,1682760779.4,9268965635.12,2977104784.98,13540965646.8,74586207845.1,23956390066.6,5.50818972522,1.76917885264
64,672,4,1,8,2688,172032,1384320,0.690284,0.0806720033288,0.102291,0.0188159998506,0.0235840007663,0.0171520002186,0.011711999774,0.0524480007589,0.057021,1681790186.82,9142857215.44,3016993739.15,13533155409.6,73571429155.5,24277371494.7,5.43638397173,1.7939180302
64,672,4,1,9,2688,172032,1384320,0.690284,0.0806720033288,0.104589,0.0183039996773,0.0237760003656,0.020096000284,0.00870400015265,0.0525760008022,0.057221,1644838367.32,9398601564.3,3006448681.43,13235808737.1,75629371962.7,24192516733.4,5.7139970413,1.8278079726
64,672,4,16,0,43008,2752512,22149120,0.690284,0.0806720033288,1.656517,0.0193600002676,0.308735996485,0.0248319990933,0.0183039996773,0.351871995255,0.357002,1661626171.06,142175204646,7710074453.36,13370898095.2,1.14406609989e+12,62042005366.9,85.5638934453,4.64007764662
64,672,4,16,1,43008,2752512,22149120,0.690284,0.0806720033288,1.69313,0.0181760005653,0.296608000994,0.0225600004196,0.0185279995203,0.337696000934,0.34287,1625694423.94,151436615008,8027858955.29,13081759817.6,1.2185915114e+12,64599177530.8,93.1519557296,4.93811065418
64,672,4,16,2,43008,2752512,22149120,0.690284,0.0806720033288,1.691424,0.019104000181,0.298047989607,0.0241279993206,0.019104000181,0.341279989108,0.346659,1627334127.93,144080400645,7940114060.21,13094954310.7,1.15939697394e+12,63893105328.3,88.5376876036,4.87921559804
64,672,4,16,3,43008,2752512,22149120,0.690284,0.0806720033288,1.682647,0.017440000549,0.304448008537,0.0247039999813,0.018783999607,0.347936008126,0.353503,1635822605.69,157827517968,7786389365.86,13163260030.2,1.27001830865e+12,62656101928.4,96.4820497153,4.75992282951
64,672,4,16,4,43008,2752512,22149120,0.690284,0.0806720033288,1.65233,0.018783999607,0.298527985811,0.0247680004686,0.0183680001646,0.341663986444,0.346907,1665836727.53,146534926405,7934437759.98,13404779916.8,1.17914823592e+12,63847428849.8,87.9647590808,4.76303447322
64,672,4,16,5,43008,2752512,22149120,0.690284,0.0806720033288,1.647116,0.0179200004786,0.304287999868,0.0250560007989,0.0184640008956,0.347808001563,0.353073,1671109988.61,153599995897,7795872241.72,13447213189.6,1.23599996699e+12,62732409445.1,91.9149529022,4.66508625695
64,672,4,16,6,43008,2752512,22149120,0.690284,0.0806720033288,1.642235,0.0186880007386,0.302527993917,0.0247360002249,0.0183039996773,0.34556799382,0.350893,1676076809.96,147287665412,7844305814.02,13487180580.1,1.18520543261e+12,63122148347.2,87.8764413042,4.68015890884
64,672,4,16,7,43008,2752512,22149120,0.690284,0.0806720033288,1.651566,0.0189440008253,0.297600001097,0.022655999288,0.0175999999046,0.337856000289,0.342988,1666607329.04,145297290967,8025097087.94,13410980850.9,1.16918913825e+12,64576953129.6,87.1814784655,4.81522968734
64,672,4,16,8,43008,2752512,22149120,0.690284,0.0806720033288,1.65097,0.0199360009283,0.304544001818,0.0249920003116,0.0183680001646,0.347904002294,0.352977,1667208974.12,138067409301,7797992503.76,13415822213.6,1.11101118422e+12,62749470928.7,82.8134993542,4.67727359006
64,672,4,16,9,43008,2752512,22149120,0.690284,0.0806720033288,1.640976,0.0183039996773,0.298047989607,0.0242240000516,0.0196160003543,0.341887990013,0.347018,1677362740.22,150377625029,7931899786.18,13497528300.2,1.2100699514e+12,63827006091.9,89.6512253568,4.7287921664
64,672,4,256,0,688128,44040192,354385920,0.690284,0.0806720033288,25.296332,0.239711999893,7.49705600739,0.241024002433,0.171872004867,7.90995201468,7.915467,1740971457.84,183721265600,5563814743.97,14009379699.8,1.47838205913e+12,44771321767.9,105.528017001,3.19581043039
64,672,4,256,1,688128,44040192,354385920,0.690284,0.0806720033288,26.052561,0.237151995301,7.50368022919,0.245471999049,0.171008005738,7.92016023397,7.925949,1690436191.67,185704497000,5556456646.39,13602728729.8,1.4943408743e+12,44712112076.4,109.855963754,3.28699579066
64,672,4,256,2,688128,44040192,354385920,0.690284,0.0806720033288,26.089481,0.237056002021,7.48668813705,0.245279997587,0.170752003789,7.90272013843,7.908145,1688044005.17,185779696040,5568966173.48,13583479104.1,1.49494599158e+12,44812774677.2,110.056192535,3.29906457203
64,672,4,256,3,688128,44040192,354385920,0.690284,0.0806720033288,26.619206,0.238527998328,7.4697599411,0.241727992892,0.165184006095,7.87667194009,7.882149,1654451751.87,184633218359,5587333099.13,13313166440.8,1.48572042898e+12,44960571032.1,111.597825775,3.37715082524
64,672,4,256,4,688128,44040192,354385920,0.690284,0.0806720033288,25.9322,0.23862400651,7.45100784302,0.242047995329,0.167135998607,7.86019183695,7.86575,1698282135.72,184558932876,5598981915.27,13665864060.9,1.48512266299e+12,45054307599.4,108.673894045,3.29685026857
64,672,4,256,5,688128,44040192,354385920,0.690284,0.0806720033288,26.165346,0.238784000278,7.48838376999,0.243328005075,0.173536002636,7.9052477777,7.911164,1683149613.23,184435271831,5566840985.73,13544094544,1.48412757801e+12,44795673557,109.577467375,3.30739522022
64,672,4,256,6,688128,44040192,354385920,0.690284,0.0806720033288,25.628728,0.239360004663,7.47936010361,0.245407998562,0.165279999375,7.89004810154,7.895618,1718391642.38,183991440266,5577801762.95,13827682747.3,1.48055612089e+12,44883873561.3,107.071889625,3.24594325612
64,672,4,256,7,688128,44040192,354385920,0.690284,0.0806720033288,25.973675,0.239455997944,7.46246385574,0.243839994073,0.198816001415,7.90511985123,7.91078,1695570303.39,183917681654,5567111207.74,13644042285.1,1.47996259456e+12,44797847999.8,108.469510988,3.28332667575
64,672,4,256,8,688128,44040192,354385920,0.690284,0.0806720033288,25.977986,0.299456000328,7.43721580505,0.245535999537,0.170335993171,7.85308779776,7.858912,1695288926.55,147067321916,5603853561.41,13641778080.9,1.18343235604e+12,45093509127,86.7505943162,3.30554483878
64,672,4,256,9,688128,44040192,354385920,0.690284,0.0806720033288,25.253225,0.236959993839,7.46041584015,0.243520006537,0.173184007406,7.87711985409,7.883225,1743943278.53,185854967695,5586570470.84,14033293569.4,1.49555169317e+12,44954434257.6,106.571681535,3.20341294331
64,672,4,1024,0,2752512,176160768,1417543680,0.690284,0.0806720033288,101.169271,0.919936001301,31.9926071167,0.92201602459,0.604543983936,33.5191671252,33.525555,1741247774.73,191492416593,5254522050.42,14011603187.3,1.54091553977e+12,42282482124.5,109.97424914,3.01767624727
64,672,4,1024,1,2752512,176160768,1417543680,0.690284,0.0806720033288,100.840965,0.923839986324,32.105632782,0.922752022743,0.59737598896,33.6257607937,33.632241,1746916721.79,190683203377,5237853998.49,14057220495.7,1.53440390217e+12,42148356394.1,109.154146273,2.99834212653
64,672,4,1024,2,2752512,176160768,1417543680,0.690284,0.0806720033288,100.975011,0.921567976475,31.9961929321,0.920704007149,0.586368024349,33.5032649636,33.509572,1744597660.9,191153308814,5257028290.3,14038559302.6,1.53818678186e+12,42302649523.5,109.568706354,3.01331843331
64,672,4,1024,3,2752512,176160768,1417543680,0.690284,0.0806720033288,103.114853,0.91974401474,32.175743103,0.925504028797,0.599583983421,33.7008311152,33.706919,1708393726.75,191532388552,5226249483.08,13747230769.9,1.54123718913e+12,42054976309.2,112.112556698,3.05915984193
64,672,4,1024,4,2752512,176160768,1417543680,0.690284,0.0806720033288,100.598852,0.923008024693,31.9790077209,0.926688015461,0.60326397419,33.5089597106,33.515245,1751121056.53,190855077407,5256138452.81,14091052251.8,1.53578695101e+12,42295489112.5,108.990224688,3.00158486086
64,672,4,1024,5,2752512,176160768,1417543680,0.690284,0.0806720033288,101.751045,0.921663999557,32.1464653015,0.925920009613,0.603807985783,33.6761932969,33.682636,1731291978.38,191133393606,5230017270.62,13931490138.5,1.53802652667e+12,42085295224.5,110.399283306,3.02087535548
64,672,4,1024,6,2752512,176160768,1417543680,0.690284,0.0806720033288,100.489122,0.923039972782,32.0848960876,0.926144003868,0.602751970291,33.6137920618,33.620189,1753033208.91,190848471566,5239731638.63,14106439102.9,1.53573379463e+12,42163465529.6,108.867573413,2.98895172778
64,672,4,1024,7,2752512,176160768,1417543680,0.690284,0.0806720033288,98.793742,0.924192011356,32.167263031,0.922559976578,0.60368001461,33.6935030222,33.69969,1783116667.45,190610572084,5227370578.19,14348516933.4,1.53381944724e+12,42063997621.3,106.897420434,2.93159201168
64,672,4,1024,8,2752512,176160768,1417543680,0.690284,0.0806720033288,101.927023,0.921823978424,32.0224952698,0.924063980579,0.602944016457,33.5495032668,33.555774,1728302885.88,191100223170,5249790036.14,13907437284.8,1.53775960832e+12,42244404197,110.571025907,3.03754051389
64,672,4,1024,9,2752512,176160768,1417543680,0.690284,0.0806720033288,103.598323,0.921024024487,32.1095352173,0.926656007767,0.601279973984,33.637471199,33.644281,1700421038.67,191266202962,5235979571.09,13683075545.5,1.53909522696e+12,42133273111.1,112.48167284,3.07922535185
64,672,4,4096,0,11010048,704643072,5670174720,0.690284,0.0806720033288,396.044765,3.60940790176,130.250213623,3.6082880497,2.29552006721,136.15402174,136.161899,1779200570.93,195224006590,5175038517.93,14317004594.2,1.57094317803e+12,41642888074,109.725687919,2.90863132718
64,672,4,4096,1,11010048,704643072,5670174720,0.690284,0.0806720033288,396.648186,3.61052799225,130.334182739,3.61577606201,2.29683208466,136.246790886,136.254518,1776493872.58,195163442442,5171520785.83,14295224130.9,1.5704558259e+12,41614581323.5,109.858776016,2.91108281635
64,672,4,4096,2,11010048,704643072,5670174720,0.690284,0.0806720033288,396.940979,3.61004805565,130.33757019,3.6102399826,2.31852793694,136.26633811,136.274243,1775183488.93,195189388379,5170772234.63,14284679637.5,1.57066460961e+12,41608557825.6,109.954486168,2.91281000915
64,672,4,4096,3,11010048,704643072,5670174720,0.690284,0.0806720033288,395.292847,3.61344003677,130.742660522,3.61158394814,2.31091189384,136.665156364,136.673133,1782584930,195006161671,5155680977.91,14344238108.6,1.5691902072e+12,41487120369.2,109.3951589,2.89224983962
64,672,4,4096,4,11010048,704643072,5670174720,0.690284,0.0806720033288,394.242701,3.61148810387,130.4347229,3.60713601112,2.32246398926,136.364322901,136.372075,1787333209.25,195111558376,5167062772.93,14382446918.1,1.5700383213e+12,41578708250.9,109.163505364,2.89093424002
64,672,4,4096,5,11010048,704643072,5670174720,0.690284,0.0806720033288,395.0525,3.60800004005,130.565765381,3.6072640419,2.30249595642,136.475525379,136.483243,1783669441.4,195300184085,5162854109.5,14352965036.3,1.57155616881e+12,41544841662.4,109.493485481,2.89451284507
64,672,4,4096,6,11010048,704643072,5670174720,0.690284,0.0806720033288,395.204665,3.61593604088,130.430908203,3.61312007904,2.31635189056,136.360380173,136.367793,1782982678.1,194871553046,5167225020.65,14347438737.8,1.56810702841e+12,41580013838,109.295258692,2.89807920408
64,672,4,4096,7,11010048,704643072,5670174720,0.690284,0.0806720033288,397.863212,3.61049604416,130.416763306,3.60976004601,2.31225609779,136.338779449,136.350892,1771068675.73,195165169379,5167865509.82,14251568250,1.57046972235e+12,41585167774.3,110.196274178,2.9179362611
64,672,4,4096,8,11010048,704643072,5670174720,0.690284,0.0806720033288,395.556648,3.61702394485,130.094085693,3.61091208458,2.32224011421,136.027237892,136.034814,1781396104.86,194812940899,5179873087.49,14334671781.3,1.5676353838e+12,41681791250.9,109.359698479,2.9077604208
64,672,4,4096,9,11010048,704643072,5670174720,0.690284,0.0806720033288,395.253541,3.60969591141,130.482116699,3.60995197296,2.31340789795,136.40547657,136.412956,1782762199.21,195208430099,5165514278.57,14345664571.8,1.57081783595e+12,41566247710.4,109.497739062,2.89747801521
64,672,4,15360,0,41287680,2642411520,21263155200,0.690284,0.0806720033288,1495.421806,13.4699516296,488.75982666,13.4587516785,8.54476833344,510.763346672,510.773889,1767000794.96,196170824711,5173348867.1,14218834521.9,1.57856210509e+12,41629291664.9,111.019092504,2.92775695509
64,672,4,15360,1,41287680,2642411520,21263155200,0.690284,0.0806720033288,1477.875994,13.4620475769,489.320007324,13.4817276001,8.53027153015,511.332006454,511.342911,1787979188.19,196286003664,5167591968.44,14387645030,1.57948893573e+12,41582966621,109.780921926,2.89018574856
64,672,4,15360,2,41287680,2642411520,21263155200,0.690284,0.0806720033288,1477.856755,13.4596481323,488.582946777,13.4637441635,8.52175998688,510.568450928,510.579445,1788002464.42,196320995469,5175319033.85,14387832330.9,1.57977051041e+12,41645145350.5,109.799063131,2.8944697431
64,672,4,15360,3,41287680,2642411520,21263155200,0.690284,0.0806720033288,1471.85058,13.4601278305,489.437957764,13.4651842117,8.55302429199,511.456166267,511.466866,1795298759.2,196313998892,5166339592.37,14446544702.9,1.57971420983e+12,41572888907.3,109.348930302,2.87770465272
64,672,4,15360,4,41287680,2642411520,21263155200,0.690284,0.0806720033288,1482.182111,13.4592962265,488.648986816,13.4633598328,8.52531242371,510.637659073,510.648596,1782784652.7,196326128464,5174618202.61,14345845252.2,1.57981181498e+12,41639505849.1,110.123299618,2.90254809787
64,672,4,15360,5,41287680,2642411520,21263155200,0.690284,0.0806720033288,1489.362353,13.4597120285,488.703948975,13.4557123184,8.52134418488,510.681005478,510.691502,1774189816.65,196320063491,5174183454.5,14276683680.9,1.5797630109e+12,41636007485.4,110.653359436,2.91636408119
64,672,4,15360,6,41287680,2642411520,21263155200,0.690284,0.0806720033288,1480.637856,13.4559364319,488.737091064,13.4675197601,8.52799987793,510.732610703,510.742827,1784644036.55,196375148870,5173663496.21,14360807481.6,1.58020627607e+12,41631823446,110.036032311,2.89898903661
64,672,4,15360,7,41287680,2642411520,21263155200,0.690284,0.0806720033288,1470.497418,13.4614076614,489.088531494,13.4551038742,8.53439998627,511.078035355,511.088462,1796950805.66,196295334519,5170164690.59,14459838514.3,1.57956401996e+12,41603668994.6,109.238012471,2.87718766385
64,672,4,15360,8,41287680,2642411520,21263155200,0.690284,0.0806720033288,1476.768466,13.4742078781,488.540618896,13.4625597,8.54153633118,510.544714928,510.555121,1789320114.04,196108858042,5175565597.74,14398435292.7,1.57806346706e+12,41647129419.4,109.599649891,2.89247606234
64,672,4,15360,9,41287680,2642411520,21263155200,0.690284,0.0806720033288,1476.55714,13.461183548,488.597045898,13.4610557556,8.53481578827,510.592917442,510.603572,1789576202.92,196298602614,5175074490.08,14400496007.9,1.57959031791e+12,41643177537.3,109.689993806,2.89178772138
64,672,16,1,0,10752,688128,5537280,0.690284,0.311776012182,0.416178,0.0158719997853,0.0237119998783,0.0180479995906,0.0144319999963,0.0561919994652,0.060918,1653446361.89,43354839296.1,11295971634,13305076193.4,348870972461,90897271742.3,26.2208924918,6.83177385994
64,672,16,1,1,10752,688128,5537280,0.690284,0.311776012182,0.416061,0.015807999298,0.0226240009069,0.0159680005163,0.0167360007763,0.0553280021995,0.060142,1653911325.5,43530366305.6,11441721259.7,13308817697.4,350283416366,92070100761.5,26.3196494482,6.91797745336
64,672,16,1,2,10752,688128,5537280,0.690284,0.311776012182,0.420263,0.016672000289,0.0235840007663,0.017888000235,0.0147839998826,0.0562560008839,0.061247,1637374691.56,41274471453.5,11235293157.2,13175749471.2,332130512478,90408999624.5,25.2077130948,6.86177282153
64,672,16,1,3,10752,688128,5537280,0.690284,0.311776012182,0.415842,0.015135999769,0.0240000002086,0.0179200004786,0.0144319999963,0.0563520006835,0.060946,1654782345.22,45463002808.1,11290782003.7,13315826684.2,365835100721,90855511436.4,27.4737054933,6.8231221081
64,672,16,1,4,10752,688128,5537280,0.690284,0.311776012182,0.41873,0.0165119990706,0.0236799996346,0.0180799998343,0.014527999796,0.0562879992649,0.060891,1643369235.55,41674420950.2,11300980440.5,13223986817.3,335348856084,90937576981.8,25.3591341792,6.87671412852
64,672,16,1,5,10752,688128,5537280,0.690284,0.311776012182,0.42157,0.0144319999963,0.0237119998783,0.0179839991033,0.014688000083,0.0563839990646,0.061253,1632298313.45,47680709546.6,11234192611,13134900491,383680709633,90400143666.4,29.2107816039,6.88243841118
64,672,16,1,6,10752,688128,5537280,0.690284,0.311776012182,0.423328,0.0145920002833,0.0237119998783,0.0181440003216,0.0159680005163,0.0578240007162,0.062426,1625519691.59,47157893821.3,11023099349.6,13080353768.2,379473676843,88701502579.1,29.010964349,6.78127703201
64,672,16,1,7,10752,688128,5537280,0.690284,0.311776012182,0.427765,0.0157120004296,0.0253120008856,0.0173760000616,0.016127999872,0.0588160008192,0.063672,1608658959.94,43796332814.6,10807387862.8,12944677568.3,352423615618,86965699208.4,27.2253684002,6.71825920342
64,672,16,1,8,10752,688128,5537280,0.690284,0.311776012182,0.421737,0.0161600001156,0.023744000122,0.0179520007223,0.0148160001263,0.0565120009705,0.061263,1631651953.71,42582177913.1,11232358846.3,13129699315,342653462895,90385387591.2,26.0975864469,6.88404093825
64,672,16,1,9,10752,688128,5537280,0.690284,0.311776012182,0.429117,0.0144319999963,0.0237760003656,0.0178559999913,0.0143999997526,0.0560320001096,0.06094,1603590629.13,47680709546.6,11291893665.9,12903893343.8,383680709633,90864456842.8,29.7337167482,7.04163111257
64,672,16,16,0,172032,11010048,88596480,0.690284,0.311776012182,6.666948,0.0544960014522,0.305408000946,0.0574720017612,0.0560319982469,0.418912000954,0.42432,1651437509.34,202034052162,25947511312.2,13288911207.9,1.62574276349e+12,208796380090,122.338296799,15.7120757919
64,672,16,16,1,172032,11010048,88596480,0.690284,0.311776012182,6.617518,0.0540480017662,0.298720002174,0.0572480000556,0.0573440007865,0.413312003016,0.418546,1663773033.94,203708696718,26305467021.5,13388173632.5,1.6392184189e+12,211676804939,122.437792032,15.8107304812
64,672,16,16,2,172032,11010048,88596480,0.690284,0.311776012182,6.543174,0.0537279993296,0.3061439991,0.0570879988372,0.0572480000556,0.420479997993,0.425778,1682676939.36,204921979925,25858658737.7,13540290996.4,1.64898155721e+12,208081394530,121.783317482,15.3675718332
64,672,16,16,3,172032,11010048,88596480,0.690284,0.311776012182,6.70378,0.0537919998169,0.298783987761,0.0572480000556,0.0575679987669,0.413599986583,0.41879,1642364158.73,204678168454,26290140643.3,13215899089.8,1.64701963678e+12,211553475489,124.624108098,16.0074977913
64,672,16,16,4,172032,11010048,88596480,0.690284,0.311776012182,6.799387,0.0538880005479,0.305247992277,0.0567039996386,0.0575359985232,0.419487990439,0.42484,1619270678.37,204313537115,25915751812.4,13030068740,1.64408549397e+12,208540815366,126.176271728,16.0045829018
64,672,16,16,5,172032,11010048,88596480,0.690284,0.311776012182,6.80415,0.0542079992592,0.303167998791,0.0569600015879,0.0575999990106,0.417727999389,0.422853,1618137166.29,203107440792,26037530773.1,13020947510,1.63438018762e+12,209520755440,125.51929776,16.0910529191
64,672,16,16,6,172032,11010048,88596480,0.690284,0.311776012182,6.750661,0.0543360002339,0.306272000074,0.0570559985936,0.0571519993246,0.420479997993,0.425502,1630958509.1,202628974393,25875431842.9,13124119252.9,1.63053002832e+12,208216365611,124.239196314,15.8651686714
64,672,16,16,7,172032,11010048,88596480,0.690284,0.311776012182,6.827133,0.0544000007212,0.296927988529,0.0571199990809,0.0574720017612,0.411519989371,0.416612,1612689836.28,202390585552,26427582498.8,12977113526.3,1.62861174311e+12,212659452920,125.498766719,16.3872692097
64,672,16,16,8,172032,11010048,88596480,0.690284,0.311776012182,6.769783,0.0541759990156,0.303712010384,0.0572159998119,0.0569920018315,0.417920012027,0.423253,1626351686.61,203227410663,26012923712.3,13087048728.1,1.63534557018e+12,209322745497,124.959080091,15.9946485908
64,672,16,16,9,172032,11010048,88596480,0.690284,0.311776012182,6.766654,0.0532799996436,0.296831995249,0.0571519993246,0.0583680011332,0.412351995707,0.417581,1627103735.47,206645046427,26366257085.5,13093100371.3,1.66284685797e+12,212165974984,127.001765114,16.2044106413
64,672,16,256,0,2752512,176160768,1417543680,0.690284,0.311776012182,104.972507,0.787231981754,7.40399980545,0.782176017761,0.600448012352,8.78662383556,8.792771,1678161006.48,223772372163,20034727163.9,13503951849,1.80066830725e+12,161216945147,133.343803901,11.9385011847
64,672,16,256,1,2752512,176160768,1417543680,0.690284,0.311776012182,100.278669,0.784255981445,7.37734413147,0.784160017967,0.603456020355,8.76496016979,8.771108,1756712267.49,224621516658,20084209201.4,14136044027.5,1.80750126685e+12,161615120917,127.864716843,11.4328393859
64,672,16,256,2,2752512,176160768,1417543680,0.690284,0.311776012182,100.262161,0.783840000629,7.36454391479,0.780896008015,0.596704006195,8.742143929,8.748261,1757001507.28,224740722416,20136661217.6,14138371503.9,1.80846050069e+12,162037195735,127.911513727,11.4608104399
64,672,16,256,3,2752512,176160768,1417543680,0.690284,0.311776012182,102.115319,0.782112002373,7.36579179764,0.783519983292,0.603904008865,8.75321578979,8.75958,1725115974.03,225237264568,20110640921.1,13881792603.5,1.81245611332e+12,161827813662,130.563549326,11.6575588099
64,672,16,256,4,2752512,176160768,1417543680,0.690284,0.311776012182,100.955656,0.782400012016,7.39964818954,0.783487975597,0.599776029587,8.78291219473,8.788942,1744932131.39,225154352370,20043455514.9,14041250744.8,1.81178892923e+12,161287181096,129.033300677,11.4866676785
64,672,16,256,5,2752512,176160768,1417543680,0.690284,0.311776012182,101.192208,0.781888008118,7.37763214111,0.783999979496,0.602400004864,8.76403212547,8.770343,1740853090.19,225301790245,20085961062.2,14008427210.1,1.81297534338e+12,161629217922,129.420335073,11.5379989129
64,672,16,256,6,2752512,176160768,1417543680,0.690284,0.311776012182,101.066474,0.781888008118,7.33539199829,0.784255981445,0.602688014507,8.72233599424,8.72866,1743018837.29,225301790245,20181879922,14025854706.3,1.81297534338e+12,162401064997,129.259526877,11.5786929494
64,672,16,256,7,2752512,176160768,1417543680,0.690284,0.311776012182,101.519563,0.78403198719,7.35878419876,0.782464027405,0.599807977676,8.74105620384,8.747245,1735239620.76,224685689970,20139000108,13963256323.3,1.80801766147e+12,162056016494,129.483955577,11.6058899688
64,672,16,256,8,2752512,176160768,1417543680,0.690284,0.311776012182,100.742655,0.782079994678,7.32729578018,0.783775985241,0.6077439785,8.71881574392,8.725673,1748621455.33,225246482711,20188788647,14070938273.4,1.81253029057e+12,162456658644,128.813747552,11.5455455413
64,672,16,256,9,2752512,176160768,1417543680,0.690284,0.311776012182,101.883061,0.779744029045,7.35443210602,0.784608006477,0.598688006401,8.7377281189,8.74428,1729048639.4,225921278571,20145828816.1,13913438270.2,1.8179602885e+12,162110966255,130.662188109,11.6513950834
64,672,16,1024,0,11010048,704643072,5670174720,0.690284,0.311776012182,391.79868,3.07087993622,32.0858230591,3.06214404106,2.29558396339,37.4435510635,37.450118,1798482506.37,229459661933,18815510060.6,14472163918.5,1.84643321711e+12,151406057519,127.585150881,10.4618810547
64,672,16,1024,1,11010048,704643072,5670174720,0.690284,0.311776012182,392.870879,3.06563210487,32.1021766663,3.06534409523,2.35017609596,37.5176968575,37.524538,1793574198.71,229852457142,18778194471,14432667380.3,1.84959399107e+12,151105783634,128.153302666,10.4697059561
64,672,16,1024,2,11010048,704643072,5670174720,0.690284,0.311776012182,395.354821,3.06518411636,31.9015045166,3.06844806671,2.31718397141,37.2871365547,37.293744,1782305500.2,229886050968,18894404166,14341989571.9,1.84986431638e+12,152040908523,128.982405621,10.6011029893
64,672,16,1024,3,11010048,704643072,5670174720,0.690284,0.311776012182,397.729096,3.06262397766,32.2245101929,3.06608009338,2.32096004486,37.6115503311,37.61888,1771665887.88,230078219572,18731101829.7,14256373941.5,1.85141067312e+12,150726835036,129.865467945,10.5725926981
64,672,16,1024,4,11010048,704643072,5670174720,0.690284,0.311776012182,394.035136,3.06300806999,31.9306564331,3.11824011803,2.31641602516,37.3653125763,37.371729,1788274718.73,230049368431,18854976498.4,14390023127.3,1.85117851159e+12,151723639011,128.643192246,10.5436688787
64,672,16,1024,5,11010048,704643072,5670174720,0.690284,0.311776012182,392.08502,3.06521606445,32.0039024353,3.06080007553,2.31247997284,37.3771824837,37.383936,1797169073.18,229883654915,18848819771.1,14461594885.7,1.84984503564e+12,151674096596,127.914317215,10.4880615032
64,672,16,1024,6,11010048,704643072,5670174720,0.690284,0.311776012182,397.715791,3.06899189949,31.9708480835,3.06252789497,2.32332801819,37.3567039967,37.363699,1771725156.37,229600824987,18859028705.9,14256850867.7,1.84756913856e+12,151756246618,129.591671801,10.6444437153
64,672,16,1024,7,11010048,704643072,5670174720,0.690284,0.311776012182,393.648103,3.06486392021,32.1152305603,3.06566405296,2.30390405655,37.4847986698,37.491378,1790032942.19,229910067900,18794803221.2,14404171331.7,1.85005757763e+12,151239432170,128.439014993,10.499696837
64,672,16,1024,8,11010048,704643072,5670174720,0.690284,0.311776012182,393.760227,3.06873607635,31.9892807007,3.06265592575,2.32105588913,37.3729925156,37.379779,1789523226.78,229619965506,18850915945.8,14400069715.5,1.84772315993e+12,151690964251,128.313487117,10.5340437406
64,672,16,1024,9,11010048,704643072,5670174720,0.690284,0.311776012182,399.061592,3.06422400475,31.9383354187,3.06547188759,2.29113602638,37.2949433327,37.301577,1765750165.2,229958081037,18890436508.9,14208770860.6,1.85044393335e+12,152008981282,130.232512826,10.698249889
64,672,16,4096,0,44040192,2818572288,22680698880,0.690284,0.311776012182,1565.059299,12.1851196289,130.203994751,12.2405757904,9.11811161041,151.562682152,151.570569,1800936418.06,231312648036,18595775595.5,14491910239.1,1.86134396467e+12,149637881745,128.440207947,10.3256147241
64,672,16,4096,1,44040192,2818572288,22680698880,0.690284,0.311776012182,1557.716908,12.1927042007,130.362915039,12.1895999908,9.15494441986,151.70745945,151.715281,1809425238.65,231168758103,18578038213.6,14560218717.2,1.86018610036e+12,149495151250,127.75811521,10.2673698901
64,672,16,4096,2,44040192,2818572288,22680698880,0.690284,0.311776012182,1580.943379,12.1924800873,130.574523926,12.1951675415,9.12121582031,151.890907288,151.898871,1782842020.43,231173007282,18555584182.1,14346306883.1,1.86022029297e+12,149314466465,129.665446872,10.4078678702
64,672,16,4096,3,44040192,2818572288,22680698880,0.690284,0.311776012182,1559.739946,12.1911039352,130.326980591,12.1864318848,9.12979221344,151.643204689,151.650586,1807078349.97,231199102474,18585963710,14541333597.4,1.86043027772e+12,149558926729,127.940829172,10.2850901348
64,672,16,4096,4,44040192,2818572288,22680698880,0.690284,0.311776012182,1560.549281,12.1908483505,130.432098389,12.181599617,9.10422420502,151.717922211,151.725691,1806141159.6,231203949631,18576763562.1,14533792143.7,1.86046928219e+12,149484894289,128.009900224,10.2853331609
64,672,16,4096,5,44040192,2818572288,22680698880,0.690284,0.311776012182,1568.168028,12.1894397736,131.776992798,12.1948480606,20.6183357239,164.590176582,164.599891,1797366250.09,231230666902,17123779796.4,14463181543.7,1.86068427273e+12,137792915549,128.649721163,9.52715107205
64,672,16,4096,6,44040192,2818572288,22680698880,0.690284,0.311776012182,1563.880327,12.191904068,131.142181396,12.1879682541,9.11942386627,152.449573517,152.458478,1802294100.99,231183929293,18487474917.6,14502835343.9,1.86030818103e+12,148766399728,128.272033497,10.2577458959
64,672,16,4096,7,44040192,2818572288,22680698880,0.690284,0.311776012182,1557.737238,12.1814718246,131.027160645,12.1887359619,9.13756847382,152.35346508,152.36151,1809401623.87,231381915796,18499240969.7,14560028692.1,1.86190135367e+12,148861079678,127.877588228,10.2239551052
64,672,16,4096,8,44040192,2818572288,22680698880,0.690284,0.311776012182,1563.655955,12.182975769,130.91027832,12.1858882904,9.09571170807,152.191878319,152.1997,1802552715.63,231353352533,18518908302.7,14504916383.6,1.86167150867e+12,149019340248,128.347620864,10.2737124646
64,672,16,4096,9,44040192,2818572288,22680698880,0.690284,0.311776012182,1569.544866,12.1909761429,130.651870728,12.1902399063,9.1151676178,151.957278252,151.964861,1795789562.35,231201526028,18547526510.1,14450494134.5,1.86044977975e+12,149249627386,128.746447176,10.3283407471
64,672,16,15360,0,165150720,10569646080,85052620800,0.690284,0.311776012182,5858.008988,45.6352310181,489.486694336,45.6350708008,35.4820175171,570.603782654,570.615383,1804306907.29,231611538809,18523240688.7,14519032144.6,1.86374910135e+12,149054202417,128.365932577,10.2661252439
64,672,16,15360,1,165150720,10569646080,85052620800,0.690284,0.311776012182,5864.210247,45.6386871338,489.001495361,45.6380805969,34.4098548889,569.049430847,569.062873,1802398896.83,231593999385,18573775555.4,14503678623,1.8636079638e+12,149460850172,128.492088955,10.3050304724
64,672,16,15360,2,165150720,10569646080,85052620800,0.690284,0.311776012182,5856.851693,45.6455039978,489.380645752,45.6348800659,34.4641914368,569.479717255,569.491447,1804663432.51,231559412303,18559797755.8,14521901058.5,1.86332964587e+12,149348372567,128.311688557,10.2843540914
64,672,16,15360,3,165150720,10569646080,85052620800,0.690284,0.311776012182,5856.794906,45.6567993164,489.230438232,45.6449584961,36.510017395,571.385414124,571.396791,1804680930.38,231502125384,18497909415.1,14522041861.6,1.8628686652e+12,148850364825,128.278700953,10.2499611448
64,672,16,15360,4,165150720,10569646080,85052620800,0.690284,0.311776012182,5888.630279,45.6418228149,490.801940918,45.6320953369,35.6074867249,572.04152298,572.054233,1794924384.66,231578088431,18476650412.3,14443532157.8,1.86347993034e+12,148679296286,129.018297601,10.2938321916
64,672,16,15360,5,165150720,10569646080,85052620800,0.690284,0.311776012182,5847.781626,45.6484146118,488.226898193,45.6375045776,34.2164154053,568.080818176,568.092541,1807462514.16,231544647714,18605500542.9,14544424918.6,1.86321083707e+12,149716137181,128.104813184,10.2937130907
64,672,16,15360,6,165150720,10569646080,85052620800,0.690284,0.311776012182,5858.597185,45.7063026428,488.830169678,45.6418228149,34.5051841736,568.977176666,568.988696,1804125756.77,231251391358,18576196951.4,14517574449,1.86085103984e+12,149480334843,128.179197315,10.2965089222
64,672,16,15360,7,165150720,10569646080,85052620800,0.690284,0.311776012182,5851.381235,45.6736946106,488.700622559,45.6391983032,35.3402557373,569.680076599,569.69185,1806350612.87,231416489735,18553268894.4,14535477588,1.86217956583e+12,149295835635,128.112719693,10.2711338331
64,672,16,15360,8,165150720,10569646080,85052620800,0.690284,0.311776012182,5848.713841,45.6509742737,489.073944092,45.6827201843,34.3788146973,569.135478973,569.144473,1807174426.27,231531664946,18571112575.8,14542106711.4,1.86310636636e+12,149439421509,128.118050799,10.2763254647
64,672,16,15360,9,165150720,10569646080,85052620800,0.690284,0.311776012182,5873.908123,45.728767395,488.672729492,45.6497917175,34.3669776917,568.689498901,568.684133,1799423119.78,231137786608,18586145571.3,14479732917,1.85993687661e+12,149560390144,128.451048598,10.3289467424
64,672,32,1,0,21504,1376256,11074560,0.690284,0.609088003635,0.776089,0.017664000392,0.0236799996346,0.0179520007223,0.0176960006356,0.0593280009925,0.064011,1773322389.57,77913041749.4,21500304635.1,14269703603.6,626956507827,173010263861,43.9361969417,12.1243067598
64,672,32,1,1,21504,1376256,11074560,0.690284,0.609088003635,0.816006,0.0162560008466,0.0240000002086,0.0179200004786,0.017888000235,0.0598080009222,0.064432,1686575834,84661412913.6,21359821206.9,13571664914.2,681259807039,171879811274,50.1972168739,12.6646076484
64,672,32,1,2,21504,1376256,11074560,0.690284,0.609088003635,0.819963,0.0167679991573,0.023744000122,0.018015999347,0.0177280008793,0.0594880003482,0.064176,1678436709.95,82076340002.7,21445026178,13506170400.4,660458048459,172565445026,48.9004676293,12.7767857143
64,672,32,1,3,21504,1376256,11074560,0.690284,0.609088003635,0.818777,0.014240000397,0.0236799996346,0.018015999347,0.0170559994876,0.0587519984692,0.063509,1680867928.63,96647188317,21670251460.4,13525734113.2,777707843488,174377804721,57.4983832286,12.8922987293
64,672,32,1,4,21504,1376256,11074560,0.690284,0.609088003635,0.829742,0.0147200003266,0.023647999391,0.015135999769,0.0125759998336,0.0513599989936,0.055957,1658655341.06,93495650099.3,24594885358.4,13346992197.6,752347809393,197911968118,56.3683411405,14.8282073735
64,672,32,1,5,21504,1376256,11074560,0.690284,0.609088003635,0.830463,0.0164800006896,0.024095999077,0.0177280008793,0.0177599992603,0.0595839992166,0.064287,1657215312.42,83510676117,21407998506.7,13335404467.1,671999971879,172267487984,50.3921702214,12.9180549722
64,672,32,1,6,21504,1376256,11074560,0.690284,0.609088003635,0.834629,0.0156479999423,0.023744000122,0.0180799998343,0.017567999661,0.0593919996172,0.064112,1648943422.77,87950920569.7,21466433741,13268841605.1,707730063959,172737709009,53.3377430392,13.0182961068
64,672,32,1,7,21504,1376256,11074560,0.690284,0.609088003635,0.834319,0.0161600001156,0.0237760003656,0.015807999298,0.0182719994336,0.0578559990972,0.062764,1649556105.04,85164355826.2,21927474348.4,13273771782.7,685306925789,176447645147,51.6286506207,13.2929545599
64,672,32,1,8,21504,1376256,11074560,0.690284,0.609088003635,0.837654,0.016031999141,0.0235200002789,0.01823999919,0.0173119995743,0.0590719990432,0.063729,1642988632.54,85844315976.9,21595443204.8,13220924152.5,690778480127,173775832039,52.2488800451,13.1440003766
64,672,32,1,9,21504,1376256,11074560,0.690284,0.609088003635,0.838045,0.0159680005163,0.0239039994776,0.0178559999913,0.0174080003053,0.0591679997742,0.063892,1642222076.38,86188373966.8,21540349339.5,13214755770.9,693547071764,173332498591,52.4827763592,13.1165873662
64,672,32,16,0,344064,22020096,177192960,0.690284,0.609088003635,13.384016,0.104032002389,0.299775987864,0.106303997338,0.0992960035801,0.505375988781,0.510569,1645253263.3,211666559273,43128540902.4,13239147353.1,1.70325434415e+12,347049977574,128.652873083,26.2139221143
64,672,32,16,1,344064,22020096,177192960,0.690284,0.609088003635,13.588706,0.101824000478,0.300224006176,0.106976002455,0.0977279990911,0.504928007722,0.510108,1620470411.24,216256441474,43167517466.9,13039722840.4,1.74018855249e+12,347363617116,133.452878852,26.638880394
64,672,32,16,2,344064,22020096,177192960,0.690284,0.609088003635,13.37216,0.103040002286,0.305855989456,0.10623999685,0.0988800004125,0.510975986719,0.516404,1646711974.73,213704343084,42641218890.6,13250885421.7,1.71965213575e+12,343128558261,129.776394636,25.8947645642
64,672,32,16,3,344064,22020096,177192960,0.690284,0.609088003635,13.359071,0.101695999503,0.299264013767,0.106784000993,0.105760000646,0.511808015406,0.517188,1648325396.28,216528635419,42576579503,13263868423.2,1.74237886314e+12,342608413188,131.362797605,25.8302029436
64,672,32,16,4,344064,22020096,177192960,0.690284,0.609088003635,13.532789,0.103008002043,0.299104005098,0.106175996363,0.0987519994378,0.504032000899,0.509195,1627166137,213770732014,43244917958.7,13093602508.7,1.72018635918e+12,347986449199,131.376094397,26.5768300946
64,672,32,16,5,344064,22020096,177192960,0.690284,0.609088003635,13.614168,0.103744000196,0.311103999615,0.106367997825,0.0985279977322,0.515999995172,0.521316,1617439714.27,212254163694,42239440186,13015335200.8,1.70798272348e+12,339895495247,131.228485254,26.115001266
64,672,32,16,6,344064,22020096,177192960,0.690284,0.609088003635,13.501907,0.103711999953,0.299327999353,0.106720000505,0.0979840010405,0.504032000899,0.509554,1630887844.21,212319654524,43214450284,13123550621.4,1.70850972e+12,347741279629,130.186545493,26.4974997743
64,672,32,16,7,344064,22020096,177192960,0.690284,0.609088003635,13.601537,0.103040002286,0.298624008894,0.106207996607,0.0982720032334,0.503104008734,0.508612,1618941741.66,213704343084,43294487743.1,13027421827.4,1.71965213575e+12,348385331058,132.002491248,26.7424618373
64,672,32,16,8,344064,22020096,177192960,0.690284,0.609088003635,13.61103,0.102944001555,0.297408014536,0.101727999747,0.0954879969358,0.494624011219,0.499802,1617812612.27,213903633697,44057638825,13018335864.4,1.7212558024e+12,354526312420,132.217805742,27.2328442063
64,672,32,16,9,344064,22020096,177192960,0.690284,0.609088003635,13.202962,0.103136003017,0.297823995352,0.106399998069,0.0983360037208,0.502559997141,0.507611,1667814843.37,213505423477,43379863714.5,13420697567.7,1.71805145454e+12,349072340828,128.015063738,26.0099997833
64,672,32,256,0,5505024,352321536,2835087360,0.690284,0.609088003635,200.980511,1.51270401478,7.48147201538,1.50739204884,1.1686719656,10.1575360298,10.16319,1753013435.22,232908442470,34666432094.6,14106279986.5,1.874185123e+12,278956445762,132.86175553,19.7753373695
64,672,32,256,1,5505024,352321536,2835087360,0.690284,0.609088003635,197.912365,1.51132798195,7.45043182373,1.50883197784,1.17235195637,10.1316157579,10.13741,1780189610.69,233120500783,34754590768.3,14324963273.5,1.87589152974e+12,279665847588,130.952624026,19.5229713507
64,672,32,256,2,5505024,352321536,2835087360,0.690284,0.609088003635,199.26531,1.51491200924,7.43305587769,1.50547194481,1.17296004295,10.1114878654,10.117383,1768102716.93,232568976846,34823386245.2,14227701550.3,1.87145348556e+12,280219436192,131.535896993,19.6953411767
64,672,32,256,3,5505024,352321536,2835087360,0.690284,0.609088003635,198.370451,1.50745594501,7.4361281395,1.50671994686,1.16886401176,10.1117120981,10.117683,1776078716.48,233719291874,34822353695,14291883421.7,1.8807099268e+12,280211127390,131.592867875,19.6063121369
64,672,32,256,4,5505024,352321536,2835087360,0.690284,0.609088003635,200.42241,1.50646400452,7.38179206848,1.50444805622,1.16822397709,10.0544641018,10.059622,1757894918.04,233873185781,35023337457.4,14145560668.6,1.88194829183e+12,281828418603,133.041618916,19.9234533862
64,672,32,256,5,5505024,352321536,2835087360,0.690284,0.609088003635,200.600289,1.51283204556,7.3826880455,1.50495994091,1.1641279459,10.0517759323,10.057399,1756336133.69,232888731459,35031078711.3,14133017325.8,1.87402651096e+12,281890711505,132.599180186,19.945543475
64,672,32,256,6,5505024,352321536,2835087360,0.690284,0.609088003635,197.646934,1.51286399364,7.35196781158,1.50176000595,1.17580795288,10.0295357704,10.035233,1782580325.78,232883813403,35108455977.1,14344201059,1.87398693598e+12,282513356690,130.644218403,19.6953009462
64,672,32,256,7,5505024,352321536,2835087360,0.690284,0.609088003635,204.036008,1.50883197784,7.37993621826,1.50659203529,1.17241597176,10.0589442253,10.06483,1726761562.6,233506143277,35005214792.5,13895034449,1.87899474669e+12,281682587783,135.227786126,20.2721762812
64,672,32,256,8,5505024,352321536,2835087360,0.690284,0.609088003635,198.281156,1.50851202011,7.42105579376,1.51030397415,1.1817920208,10.1131517887,10.118947,1776878565.3,233555670292,34818003889.1,14298319705.2,1.87939328438e+12,280176125045,131.441548597,19.5950384956
64,672,32,256,9,5505024,352321536,2835087360,0.690284,0.609088003635,202.022764,1.50659203529,7.37622404099,1.50943994522,1.16793596745,10.0535999537,10.059204,1743969486.53,233853311146,35024792816.6,14033504461.9,1.88178836313e+12,281840129696,134.092547463,20.0833747879
64,672,32,1024,0,22020096,1409286144,11340349440,0.690284,0.609088003635,793.493104,5.98320007324,32.1011199951,5.97417593002,4.56044816971,42.6357440948,42.64064,1776053423.65,235540534622,33050304685.9,14291679893.4,1.89536523953e+12,265951670519,132.620185567,18.6088460211
64,672,32,1024,1,22020096,1409286144,11340349440,0.690284,0.609088003635,788.668209,5.97545623779,32.0533752441,5.97535991669,4.55417585373,42.5829110146,42.587504,1786918919.66,235845781128,33091541218.3,14379113181.7,1.89782152002e+12,266283495741,131.984601278,18.5187704121
64,672,32,1024,2,22020096,1409286144,11340349440,0.690284,0.609088003635,791.660173,5.96806383133,32.1054077148,5.96940803528,4.55750417709,42.6323199272,42.636856,1780165520.59,236137914042,33053237884.1,14324769423.5,1.90017227706e+12,265975273599,132.649414513,18.5675081906
64,672,32,1024,3,22020096,1409286144,11340349440,0.690284,0.609088003635,797.474698,5.9677438736,32.0487365723,5.96870422363,4.61507177353,42.6325125694,42.637411,1767186028.01,236150574463,33052807638.8,14220325069.2,1.90027415388e+12,265971811469,133.630851942,18.703637939
64,672,32,1024,4,22020096,1409286144,11340349440,0.690284,0.609088003635,786.967463,5.98704004288,32.0508155823,5.97081613541,4.59779214859,42.6194238663,42.623789,1790780699.66,235389463559,33063370879.6,14410188442.6,1.89414958958e+12,266056812547,131.445164449,18.4631043242
64,672,32,1024,5,22020096,1409286144,11340349440,0.690284,0.609088003635,781.838085,5.9658241272,32.1384963989,5.96908807755,4.5664639473,42.6740484238,42.678782,1802529412.47,236226565509,33020767649.8,14504728866,1.90088564433e+12,265713989682,131.052821594,18.3191283434
64,672,32,1024,6,22020096,1409286144,11340349440,0.690284,0.609088003635,789.4336,5.97414398193,32.0552635193,5.96710395813,4.60915184021,42.6315193176,42.636289,1785186422.27,235897586041,33053677443.6,14365171991.7,1.89823838767e+12,265978810679,132.141709739,18.5155326253
64,672,32,1024,7,22020096,1409286144,11340349440,0.690284,0.609088003635,788.258395,5.96780776978,31.9192638397,5.97119998932,4.60969591141,42.5001597404,42.504679,1787847935.32,236148046044,33156023693.3,14386588854.5,1.90025380801e+12,266802378157,132.085084743,18.5452146339
64,672,32,1024,8,22020096,1409286144,11340349440,0.690284,0.609088003635,796.299242,5.97363185883,31.9465923309,5.96627187729,4.59779214859,42.5106563568,42.51525,1769794657.17,235917809685,33147779773.1,14241316381.9,1.89840112481e+12,266736040362,133.302362921,18.7297320844
64,672,32,1024,9,22020096,1409286144,11340349440,0.690284,0.609088003635,792.088428,5.97001600266,32.1434249878,5.97228813171,4.59110403061,42.7068171501,42.711326,1779203046.25,236060697890,32995607394.6,14317024512.8,1.89955092833e+12,265511528254,132.677772999,18.545161253
64,672,32,4096,0,88080384,5637144576,45361397760,0.690284,0.609088003635,3129.245901,23.8232631683,130.783843994,23.8276805878,18.5934715271,173.204996109,173.205936,1801438670.64,236623527859,32545908680.6,14495951802.8,1.90407995074e+12,261892858914,131.352530461,18.0666204246
64,672,32,4096,1,88080384,5637144576,45361397760,0.690284,0.609088003635,3160.019552,23.8274230957,130.54006958,23.8251838684,18.1872959137,172.552549362,172.553048,1783895473.82,236582216774,32669052452.8,14354783890.9,1.90374752561e+12,262883781456,132.621120602,18.3133221269
64,672,32,4096,2,88080384,5637144576,45361397760,0.690284,0.609088003635,3146.776005,23.8750400543,130.583206177,23.8251838684,18.5380153656,172.946405411,172.946772,1791403190.77,236110371466,32594679338.7,14415197550.7,1.89995064539e+12,262285310303,131.801915215,18.1950548635
64,672,32,4096,3,88080384,5637144576,45361397760,0.690284,0.609088003635,3144.889981,23.9582080841,130.50239563,23.8249607086,18.6670074463,172.994363785,172.994959,1792477514.34,235290742789,32585600231.3,14423842498.2,1.89335519588e+12,262212251861,131.26565935,18.1790845189
64,672,32,4096,4,88080384,5637144576,45361397760,0.690284,0.609088003635,3140.28821,23.8288631439,130.656539917,23.829536438,18.2015991211,172.687675476,172.688505,1795104206.69,236567919416,32643426822.2,14444979163.2,1.90363247655e+12,262677575210,131.785062134,18.1846974123
64,672,32,4096,5,88080384,5637144576,45361397760,0.690284,0.609088003635,3134.268173,23.8307209015,130.453796387,23.8286399841,18.1991672516,172.481603622,172.482145,1798552090.9,236549477429,32682481865,14472723856.5,1.90348407619e+12,262991846257,131.522171988,18.1715514554
64,672,32,4096,6,88080384,5637144576,45361397760,0.690284,0.609088003635,3140.127044,23.8543682098,130.663803101,23.8172798157,18.3762569427,172.857339859,172.858299,1795196339.83,236314981240,32611362072.9,14445720547.1,1.90159711467e+12,262419554181,131.637401434,18.1659027201
64,672,32,4096,7,88080384,5637144576,45361397760,0.690284,0.609088003635,3165.088168,23.850112915,130.40322876,23.8268165588,18.3049602509,172.535005569,172.535184,1781038718.92,236357144139,32672434951,14331795941.3,1.90193639425e+12,262910999996,132.707470999,18.3445955464
64,672,32,4096,8,88080384,5637144576,45361397760,0.690284,0.609088003635,3138.390403,23.8741760254,130.589630127,23.8290233612,18.1879367828,172.606590271,172.607043,1796189718.98,236118916523,32658832907.5,14453714144.9,1.9000194064e+12,262801546053,131.455443726,18.1822847345
64,672,32,4096,9,88080384,5637144576,45361397760,0.690284,0.609088003635,3139.338458,23.9566726685,130.657348633,23.8135032654,18.235168457,172.706020355,172.706435,1795647284.11,235305822892,32640037853.8,14449349239.3,1.89347654358e+12,262650304605,131.042340539,18.1773102896
64,672,32,15360,0,330301440,21139292160,170105241600,0.690284,0.609088003635,11734.278016,89.2746582031,488.242126465,89.2529296875,70.5612487793,648.056304932,648.046523,1801499174.57,236789393379,32620022498,14496438670.4,1.90541464984e+12,262489243538,131.440189771,18.1071537298
64,672,32,15360,1,330301440,21139292160,170105241600,0.690284,0.609088003635,11751.244863,89.4082565308,489.034423828,89.2543716431,70.6017913818,648.890586853,648.880983,1798898108.79,236435570721,32578073196.5,14475508219.2,1.90256748314e+12,262151682753,131.433553443,18.1100158132
64,672,32,15360,2,330301440,21139292160,170105241600,0.690284,0.609088003635,11737.355149,89.3976287842,489.491851807,89.2629776001,77.1878738403,655.942703247,655.93255,1801026883.11,236463678595,32227844402.6,14492638200.1,1.9027936637e+12,259333435427,131.293808445,17.894149557
64,672,32,15360,3,330301440,21139292160,170105241600,0.690284,0.609088003635,11739.787979,89.3315811157,489.122589111,89.2553634644,71.8335647583,650.211517334,650.202197,1800653657.27,236638508979,32511874394.7,14489634898.4,1.90420050194e+12,261618989270,131.418114763,18.0555956796
64,672,32,15360,4,330301440,21139292160,170105241600,0.690284,0.609088003635,11743.822377,89.4254074097,488.261047363,89.2691497803,72.1620178223,649.692214966,649.68257,1800035072.18,236390224795,32537877936.3,14484657221.4,1.90220259015e+12,261828236519,131.32534385,18.0762466461
64,672,32,15360,5,330301440,21139292160,170105241600,0.690284,0.609088003635,11763.921792,89.445022583,488.943847656,89.3162918091,69.003074646,647.263214111,647.254141,1796959596.79,236338384737,32659956608.9,14459909255.4,1.90178543968e+12,262810588337,131.521256882,18.1751201681
64,672,32,15360,6,330301440,21139292160,170105241600,0.690284,0.609088003635,11725.967201,89.4095077515,488.826385498,89.2886428833,69.4392318726,647.554260254,647.544741,1802775992.6,236432261978,32645299732.3,14506713065.5,1.9025408581e+12,262692646283,131.148996297,18.1083506028
64,672,32,15360,7,330301440,21139292160,170105241600,0.690284,0.609088003635,11752.522863,89.399810791,488.665344238,89.2775039673,68.5244140625,646.467262268,646.457778,1798702491.92,236457907158,32700189988.3,14473934114.7,1.90274722167e+12,263134341312,131.460265509,18.1798769586
64,672,32,15360,8,330301440,21139292160,170105241600,0.690284,0.609088003635,11736.729887,89.5831680298,488.718078613,89.4132461548,69.4902420044,647.621566772,647.612007,1801122830.94,235973929310,32641908938.5,14493410280.2,1.89885271241e+12,262665360990,131.014900959,18.1230887632
64,672,32,15360,9,330301440,21139292160,170105241600,0.690284,0.609088003635,11725.427178,89.5759353638,488.311676025,89.3260803223,70.6028442383,648.240600586,648.231131,1802859020.75,235992982648,32610732729.5,14507381182.6,1.89900603225e+12,262414489933,130.899299353,18.0883432116
64,672,48,1,0,32256,2064384,16611840,0.690284,0.942623972893,1.254419,0.0156479999423,0.0241279993206,0.0155840003863,0.0227840002626,0.0624959999695,0.067177,1645689358.98,131926380855,30730517885.6,13242656560.5,1.06159509594e+12,247284636111,80.1648136903,18.6733405779
64,672,48,1,1,32256,2064384,16611840,0.690284,0.942623972893,1.258583,0.016127999872,0.0236159991473,0.0179839991033,0.021215999499,0.0628159977496,0.067728,1640244624.31,128000001016,30480510276.4,13198843461.3,1.03000000818e+12,245272856130,78.0371409965,18.58290515
64,672,48,1,2,32256,2064384,16611840,0.690284,0.942623972893,1.256865,0.0165119990706,0.0241279993206,0.0177599992603,0.0208000000566,0.0626879986376,0.067288,1642486663.25,125023262851,30679824039.9,13216884868.3,1.00604656825e+12,246876709071,76.1182819005,18.678887766
64,672,48,1,3,32256,2064384,16611840,0.690284,0.942623972893,1.256587,0.01600000076,0.023871999234,0.0179520007223,0.020767999813,0.0625919997692,0.067329,1642850037.44,129023993872,30661141558.6,13219808895,1.03823995069e+12,246726373479,78.5366837697,18.6633842772
64,672,48,1,4,32256,2064384,16611840,0.690284,0.942623972893,1.259696,0.016351999715,0.024095999077,0.0176960006356,0.02131200023,0.0631039999425,0.06777,1638795391.9,126246577543,30461620185.9,13187181669.2,1.01589042867e+12,245120849934,77.0362048653,18.5878117161
64,672,48,1,5,32256,2064384,16611840,0.690284,0.942623972893,1.276703,0.016127999872,0.0237119998783,0.0178239997476,0.0213760007173,0.0629120003432,0.067852,1616964947.99,128000001016,30424806932.7,13011514815.9,1.03000000818e+12,244824618287,79.1606529102,18.8159965808
64,672,48,1,6,32256,2064384,16611840,0.690284,0.942623972893,1.293325,0.0167360007763,0.0240000002086,0.0174080003053,0.020640000701,0.0620480012149,0.067116,1596183480.56,123349898676,30758448060.1,12844288945.2,992581215910,247509386733,77.2780198381,19.2699952321
64,672,48,1,7,32256,2064384,16611840,0.690284,0.942623972893,1.279418,0.0159680005163,0.023871999234,0.0158719997853,0.0225600004196,0.0623039994389,0.0671,1613533653.58,129282560950,30765782414.3,12983903618.7,1.04032060765e+12,247568405365,80.1238701548,19.0673323398
64,672,48,1,8,32256,2064384,16611840,0.690284,0.942623972893,1.293621,0.0146239995956,0.024095999077,0.0176960006356,0.021439999342,0.0632319990546,0.068002,1595818249.7,141164117689,30357695361.9,12841349978.1,1.13593000953e+12,244284579865,88.4587688573,19.0232787271
64,672,48,1,9,32256,2064384,16611840,0.690284,0.942623972893,1.288842,0.0161920003593,0.023744000122,0.0177599992603,0.0203840006143,0.0618879999965,0.066862,1601735511.41,127494068317,30875295384.5,12888965443.4,1.02592883099e+12,248449642547,79.5974537673,19.2761508779
64,672,48,16,0,516096,33030144,265789440,0.690284,0.942623972893,20.834039,0.155103996396,0.305599987507,0.157664000988,0.131712004542,0.594975993037,0.600567,1585393211.56,212954822361,54998266638,12757460999.3,1.71362083619e+12,442564176853,134.323031541,34.6906157015
64,672,48,16,1,516096,33030144,265789440,0.690284,0.942623972893,20.431367,0.153344005346,0.304960012436,0.157440006733,0.13327999413,0.595680013299,0.606618,1616638964.98,215398990821,54449660247.5,13008891671.3,1.73328875426e+12,438149609804,133.238772222,33.6807793372
64,672,48,16,2,516096,33030144,265789440,0.690284,0.942623972893,19.943619,0.152735993266,0.304544001818,0.156992003322,0.132991999388,0.594528004527,0.599863,1656176043.07,216256452023,55062812675.6,13327041596.6,1.74018863738e+12,443083570749,130.575763928,33.2469563884
64,672,48,16,3,516096,33030144,265789440,0.690284,0.942623972893,20.226991,0.152799993753,0.314112007618,0.157567992806,0.131359994411,0.603039994836,0.608393,1632973683.53,216165872711,54290802162.4,13140335109.7,1.73945975697e+12,436871298651,132.375600961,33.246587321
64,672,48,16,4,516096,33030144,265789440,0.690284,0.942623972893,20.182486,0.154752001166,0.306335985661,0.15795199573,0.130336001515,0.594623982906,0.600293,1636574602.36,213439204347,55023370254.2,13169311253.3,1.71751859748e+12,442766182514,130.418255324,33.6210583832
64,672,48,16,5,516096,33030144,265789440,0.690284,0.942623972893,19.71465,0.153632000089,0.299840003252,0.157536000013,0.132799997926,0.590176001191,0.595529,1675411128.27,214995209207,55463535780.8,13481823922.8,1.73003957409e+12,446308139486,128.323851728,33.1044332014
64,672,48,16,6,516096,33030144,265789440,0.690284,0.942623972893,19.294781,0.152863994241,0.304735988379,0.157792001963,0.130720004439,0.593247994781,0.598487,1711869339.18,216075369246,55189409293.8,13775198588.7,1.7387314869e+12,444102277911,126.221881718,32.2392650133
64,672,48,16,7,516096,33030144,265789440,0.690284,0.942623972893,19.77714,0.152480006218,0.299807995558,0.157600000501,0.131551995873,0.588959991932,0.594297,1670117317.27,216619508480,55578513773.4,13439225287.4,1.7431101073e+12,447233353020,129.703168898,33.2782093802
64,672,48,16,8,516096,33030144,265789440,0.690284,0.942623972893,20.019888,0.15302400291,0.307135999203,0.158112004399,0.13081599772,0.596064001322,0.601751,1649866572.68,215849431278,54890052530,13276270077,1.73691339232e+12,441693391453,130.828416584,33.2693888336
64,672,48,16,9,516096,33030144,265789440,0.690284,0.942623972893,20.266467,0.152511999011,0.300063997507,0.157279998064,0.131584003568,0.588927999139,0.594324,1629792898.78,216574067707,55575988854.6,13114739732.4,1.74274445108e+12,447213035314,132.884409957,34.1000312961
64,672,48,256,0,8257536,528482304,4252631040,0.690284,0.942623972893,297.651089,2.29241609573,7.66825580597,2.29126405716,1.74217605591,11.701695919,11.706839,1775509391.8,230535069521,45143040234.9,14287302137.2,1.85508688755e+12,363260401890,129.841650281,25.425402109
64,672,48,256,1,8257536,528482304,4252631040,0.690284,0.942623972893,299.221999,2.29932808876,7.63040018082,2.29875206947,1.74492800236,11.6740802526,11.679926,1766188000.1,229842059767,45247059270.8,14212294063.3,1.84951032468e+12,364097430069,130.1345382,25.6184841411
64,672,48,256,2,8257536,528482304,4252631040,0.690284,0.942623972893,298.877343,2.29436802864,7.59248018265,2.29059195518,1.74377596378,11.6268481016,11.632735,1768224712.84,230338941880,45430614898.4,14228683236.1,1.85350867294e+12,365574479260,130.265650179,25.6927835973
64,672,48,256,3,8257536,528482304,4252631040,0.690284,0.942623972893,300.286041,2.29260802269,7.57315206528,2.28630399704,1.74160003662,11.6010560989,11.607113,1759929639.89,230515770149,45530900233.3,14161933821,1.85493158792e+12,366381462815,130.980105639,25.8708639263
64,672,48,256,4,8257536,528482304,4252631040,0.690284,0.942623972893,298.123244,2.29468798637,7.56739187241,2.2910399437,1.75107204914,11.6095038652,11.615308,1772697415.03,230306824779,45498776614.4,14264674511.6,1.85325023064e+12,366122968069,129.918858586,25.666408846
64,672,48,256,5,8257536,528482304,4252631040,0.690284,0.942623972893,299.014453,2.30272006989,7.55494403839,2.2900800705,1.74739205837,11.5924161673,11.598379,1767413911.59,229503494980,45565186652.4,14222158819.9,1.84678593617e+12,366657361343,129.852715018,25.7807106493
64,672,48,256,6,8257536,528482304,4252631040,0.690284,0.942623972893,298.972502,2.29871988297,7.55779218674,2.29452800751,1.74710404873,11.599424243,11.605248,1767661910.26,229902872428,45538217192.8,14224154434.1,1.84999967657e+12,366440341473,130.060432424,25.7618365415
64,672,48,256,7,8257536,528482304,4252631040,0.690284,0.942623972893,294.885202,2.29315209389,7.5322561264,2.29139208794,1.74947202206,11.5731202364,11.578974,1792162849.87,230461078185,45641548551.7,14421310432.5,1.85449148852e+12,367271836002,128.593826282,25.4672997798
64,672,48,256,8,8257536,528482304,4252631040,0.690284,0.942623972893,298.361589,2.2930560112,7.56851196289,2.29295992851,1.76768004894,11.6291519403,11.635105,1771281302.57,230470734870,45421360958.9,14253279231.6,1.85456919466e+12,365500013966,130.115264321,25.6432227298
64,672,48,256,9,8257536,528482304,4252631040,0.690284,0.942623972893,299.496349,2.29311990738,7.54179191589,2.28873610497,1.75593602657,11.5864640474,11.592727,1764570104.99,230464312965,45587401825.3,14199275063.6,1.85451751839e+12,366836124063,130.606492943,25.8348487806
64,672,48,1024,0,33030144,2113929216,17010524160,0.690284,0.942623972893,1180.149002,9.13263988495,32.3522567749,9.12588787079,6.84601593018,48.3241605759,48.329605,1791239252.35,231469678278,43739840538.7,14413878358.7,1.8626075674e+12,351969029335,129.223205652,24.418759516
64,672,48,1024,1,33030144,2113929216,17010524160,0.690284,0.942623972893,1186.576529,9.12687969208,32.34009552,9.12307167053,6.82668781281,48.2898550034,48.295415,1781536347.92,231615764349,43770805489.5,14335800299.7,1.86378310374e+12,352218200423,130.009002971,24.56913413
64,672,48,1024,2,33030144,2113929216,17010524160,0.690284,0.942623972893,1180.001391,9.12576007843,32.2043838501,9.13478374481,6.87292814255,48.2120957375,48.217342,1791463325.49,231644180631,43841678705.6,14415681447.3,1.86401176601e+12,352788508334,129.304450354,24.4725516185
64,672,48,1024,3,33030144,2113929216,17010524160,0.690284,0.942623972893,1176.008766,9.1330242157,32.1997108459,9.12086391449,6.87500810623,48.1955828667,48.201025,1797545458.09,231459937702,43856519980.6,14464623608.1,1.8625291862e+12,352907934219,128.764441901,24.398003279
64,672,48,1024,4,33030144,2113929216,17010524160,0.690284,0.942623972893,1179.351288,9.12195205688,32.2374382019,9.13136005402,6.83043193817,48.1992301941,48.204534,1792450847.77,231740882085,43853327489.9,14423627915.7,1.86478991053e+12,352882244645,129.287161415,24.465567658
64,672,48,1024,5,33030144,2113929216,17010524160,0.690284,0.942623972893,1186.958089,9.11894416809,32.242816925,9.12310409546,6.83318376541,48.1991047859,48.204178,1780963654.56,231817321944,43853651357.8,14331191907.8,1.86540501251e+12,352884850770,130.163982488,24.623552112
64,672,48,1024,6,33030144,2113929216,17010524160,0.690284,0.942623972893,1185.294799,9.12345600128,32.2281913757,9.12537574768,6.87391996384,48.2274870872,48.232518,1783462829.49,231702681057,43827884250.2,14351302456,1.86448251163e+12,352677506076,129.91730314,24.5745992154
64,672,48,1024,7,33030144,2113929216,17010524160,0.690284,0.942623972893,1181.655222,9.12748813629,32.2131195068,9.12812805176,6.91081619263,48.2520637512,48.257123,1788956014.11,231600324693,43805537599.1,14395505426,1.86365886277e+12,352497685368,129.46116219,24.4866487793
64,672,48,1024,8,33030144,2113929216,17010524160,0.690284,0.942623972893,1175.426575,9.12425613403,32.1521606445,9.12361621857,6.89388799667,48.1696648598,48.174871,1798435785.75,231682362370,43880329560.2,14471787963.4,1.86431900969e+12,353099526930,128.824372939,24.3991639334
64,672,48,1024,9,33030144,2113929216,17010524160,0.690284,0.942623972893,1179.772735,9.12211227417,32.0878715515,9.12959957123,6.83964776993,48.0571188927,48.06213,1791810535.44,231736811877,43983261166.3,14418475402.4,1.86475715807e+12,353927804698,129.331091258,24.5468258481
64,672,48,4096,0,132120576,8455716864,68042096640,0.690284,0.942623972893,4737.950926,36.4373130798,130.348861694,36.4403839111,27.3275203705,194.116765976,194.118839,1784678017.16,232062030630,43559486073.4,14361080919.3,1.86737415272e+12,350517739497,130.030195026,24.4074761131
64,672,48,4096,1,132120576,8455716864,68042096640,0.690284,0.942623972893,4703.873765,36.4541435242,130.391418457,36.4985275269,28.5807037354,195.470649719,195.472696,1797607097.14,231954890351,43257790151.9,14465119609.8,1.8665120083e+12,348090030129,129.035366361,24.0640962204
64,672,48,4096,2,132120576,8455716864,68042096640,0.690284,0.942623972893,4713.707753,36.441280365,130.523361206,36.4554862976,27.2532482147,194.232095718,194.234006,1793856833.53,232036766527,43533658385.2,14434941707.3,1.86717085565e+12,350309907319,129.350772141,24.2681899533
64,672,48,4096,3,132120576,8455716864,68042096640,0.690284,0.942623972893,4717.046719,36.4503364563,130.54460144,36.4536018372,27.5830726624,194.58127594,194.583442,1792587050.27,231979116959,43455479958.1,14424723920.1,1.86670695678e+12,349680815287,129.410238083,24.2417683155
64,672,48,4096,4,132120576,8455716864,68042096640,0.690284,0.942623972893,4722.795148,36.4492797852,130.240478516,36.4506874084,28.7164478302,195.407613754,195.409504,1790405173,231985842075,43271778961.2,14407166626.5,1.86676107295e+12,348202596328,129.571700068,24.1687075159
64,672,48,4096,5,132120576,8455716864,68042096640,0.690284,0.942623972893,4712.729043,36.4221458435,130.441146851,36.4446716309,27.2048969269,194.090715408,194.09246,1794229370.47,232158667980,43565406219.3,14437939465.5,1.8681517814e+12,350565378171,129.391855802,24.2808455465
64,672,48,4096,6,132120576,8455716864,68042096640,0.690284,0.942623972893,4717.24649,36.4558067322,130.502853394,36.4463348389,27.2780799866,194.227268219,194.229486,1792511135.88,231944307970,43534671476.2,14424113046.5,1.8664268532e+12,350318059535,129.396299598,24.2869740694
64,672,48,4096,7,132120576,8455716864,68042096640,0.690284,0.942623972893,4724.795232,36.4454078674,130.563293457,36.4564781189,27.4690551758,194.488826752,194.49184,1789647264.87,232010487981,43475946672.1,14401067834.5,1.86695939547e+12,349845508377,129.640344517,24.2930255172
64,672,48,4096,8,132120576,8455716864,68042096640,0.690284,0.942623972893,4712.777572,36.45545578,130.531494141,36.4374389648,27.4255046844,194.39443779,194.396214,1794210894.7,231946540870,43497333049.9,14437790793.3,1.86644482106e+12,350017601886,129.274959568,24.2431551265
64,672,48,4096,9,132120576,8455716864,68042096640,0.690284,0.942623972893,4711.336097,36.4462394714,130.682403564,36.4483833313,27.4191036224,194.549890518,194.5517,1794759849.42,232005194133,43462569918.4,14442208163.3,1.86691679654e+12,349737867312,129.268099132,24.2163707488
64,672,48,15360,0,495452160,31708938240,255157862400,0.690284,0.942623972893,17657.639698,136.372924805,489.104736328,136.42098999,102.581665039,728.107391357,728.105325,1795763124.76,232516375853,43549933163.9,14450281394.6,1.87103021194e+12,350440868428,129.480538188,24.2514909474
64,672,48,15360,1,495452160,31708938240,255157862400,0.690284,0.942623972893,17633.390671,136.416519165,488.9737854,136.375289917,106.238433838,731.587509155,731.585688,1798232616.27,232442071049,43342753637.9,14470153084,1.87043229047e+12,348773720680,129.261403083,24.1029738009
64,672,48,15360,2,495452160,31708938240,255157862400,0.690284,0.942623972893,17637.554979,136.345153809,488.554199219,136.335968018,106.511741638,731.401908875,731.399392,1797808045.26,232563735155,43353793545.4,14466736614.2,1.87141130632e+12,348862557436,129.359603083,24.1148067279
64,672,48,15360,3,495452160,31708938240,255157862400,0.690284,0.942623972893,17664.030374,136.401596069,488.772460938,136.394119263,106.958686829,732.125267029,732.122835,1795113434.97,232467501508,43310953741.8,14445053422,1.8706369262e+12,348517830891,129.500173627,24.1271403234
64,672,48,15360,4,495452160,31708938240,255157862400,0.690284,0.942623972893,17653.328231,136.501464844,488.306762695,136.404220581,118.45740509,743.168388367,743.16563,1796201703.45,232297420957,42667390632.7,14453810582.4,1.86926830926e+12,343339158997,129.327024081,23.7542312486
64,672,48,15360,5,495452160,31708938240,255157862400,0.690284,0.942623972893,17615.21765,136.47644043,488.460723877,136.362365723,108.504508972,733.327598572,733.325796,1800087791.71,232340015172,43239905664,14485081448.9,1.86961105958e+12,347946115890,129.071490981,24.0209982331
64,672,48,15360,6,495452160,31708938240,255157862400,0.690284,0.942623972893,17685.51736,136.436676025,488.166229248,136.415161133,106.256767273,730.838157654,730.835856,1792932465.28,232407730558,43387222971.7,14427503431.5,1.87015595684e+12,349131559851,129.624364029,24.1990280236
64,672,48,15360,7,495452160,31708938240,255157862400,0.690284,0.942623972893,17611.529802,136.549530029,488.650756836,136.428665161,106.45174408,731.531166077,731.529123,1800464729.44,232215652688,43346105087.3,14488114619.7,1.86861033022e+12,348800689375,128.97539668,24.0749537486
64,672,48,15360,8,495452160,31708938240,255157862400,0.690284,0.942623972893,17611.11862,136.647903442,489.111328125,136.645248413,102.148803711,727.905380249,727.903345,1800506766.45,232048479641,43562017481.9,14488452886.2,1.86726510961e+12,350538109424,128.879537676,24.1943092321
64,672,48,15360,9,495452160,31708938240,255157862400,0.690284,0.942623972893,17609.510532,136.779876709,488.996948242,136.409408569,104.65776062,730.064117432,730.06236,1800671187.45,231824585626,43433191433.1,14489775961.5,1.86546346246e+12,349501462313,128.743430362,24.1205566768
64,672,64,1,0,43008,2752512,22149120,0.690284,1.40307199955,1.640682,0.016799999401,0.023871999234,0.0178239997476,0.0235200002789,0.0652159992605,0.06989,1677663313.18,163840005842,39383488338.8,13499946973.3,1.31840004701e+12,316914007726,97.6596463393,23.4752038918
64,672,64,1,1,43008,2752512,22149120,0.690284,1.40307199955,1.663405,0.015519999899,0.0237119998783,0.0150399999693,0.019648000598,0.0584000004455,0.063071,1654745537.02,177352578474,43641483407.6,13315530493.2,1.42713402991e+12,351177561795,107.178157914,26.373531417
64,672,64,1,2,43008,2752512,22149120,0.690284,1.40307199955,1.656707,0.016448000446,0.0238080006093,0.0179839991033,0.0228480007499,0.0646400004625,0.069351,1661435606.9,167346298965,39689579097.6,13369364649.3,1.34661474948e+12,319377081801,100.723915071,23.888725469
64,672,64,1,3,43008,2752512,22149120,0.690284,1.40307199955,1.672313,0.0166079998016,0.0235520005226,0.0180799998343,0.0229439996183,0.0645759999752,0.06947,1645931114.57,165734106026,39621592054.1,13244601937.6,1.33364163443e+12,318829998561,100.693221338,24.0724485389
64,672,64,1,4,43008,2752512,22149120,0.690284,1.40307199955,1.682972,0.0157440006733,0.023967999965,0.015776000917,0.024639999494,0.0643840003759,0.069077,1635506710.75,174829260816,39847011306.2,13160718063,1.40682920813e+12,320643919105,106.896082827,24.3637100627
64,672,64,1,5,43008,2752512,22149120,0.690284,1.40307199955,1.682337,0.0162879992276,0.023647999391,0.0180479995906,0.0233919993043,0.0650879982859,0.06986,1636124034.6,168990184831,39400400801.6,13165685590.9,1.35984289356e+12,317050100200,103.286903228,24.0815488119
64,672,64,1,6,43008,2752512,22149120,0.690284,1.40307199955,1.673632,0.0160959996283,0.0235520005226,0.0161920003593,0.0255360007286,0.0652800016105,0.069971,1644633945.81,171005968164,39337897128.8,13234163782.7,1.37606365007e+12,316547140958,103.978133614,23.9189378457
64,672,64,1,7,43008,2752512,22149120,0.690284,1.40307199955,1.680382,0.014303999953,0.0234880000353,0.016031999141,0.0301760006696,0.0696959998459,0.074679,1638027543.74,192429530834,36857911862.8,13181002891,1.54845638093e+12,296591009521,117.476370632,22.5013993224
64,672,64,1,8,43008,2752512,22149120,0.690284,1.40307199955,1.680341,0.0145920002833,0.0240640006959,0.017567999661,0.0240640006959,0.0656960010529,0.070507,1638067511.3,188631575285,39038847206.7,13181324505,1.51789470737e+12,314140723616,115.154945681,23.83225779
64,672,64,1,9,43008,2752512,22149120,0.690284,1.40307199955,1.687772,0.0163839999586,0.023744000122,0.0180799998343,0.0237760003656,0.0656000003219,0.070244,1630855352.5,168000000424,39185012243,13123289164.7,1.35187500341e+12,315316895393,103.013427994,24.027276351
64,672,64,16,0,688128,44040192,354385920,0.690284,1.40307199955,26.525451,0.201792001724,0.292928010225,0.204416006804,0.168991997838,0.666336014867,0.671598,1660299461.07,218245478630,65575228038.2,13360222225.8,1.75619408585e+12,527675663120,131.449466646,39.4960244075
64,672,64,16,1,688128,44040192,354385920,0.690284,1.40307199955,26.819139,0.199680000544,0.301728010178,0.199616000056,0.168288007379,0.669632017612,0.675267,1642118041.15,220553845553,65218931178.3,13213918612.4,1.77476922594e+12,524808586826,134.310591581,39.7163477558
64,672,64,16,2,688128,44040192,354385920,0.690284,1.40307199955,26.153235,0.201856002212,0.303200006485,0.205216005445,0.170432001352,0.678848013282,0.684547,1683929043.58,218176281693,64334796588.1,13550366522.5,1.75563726675e+12,517694066295,129.563821306,38.2051707187
64,672,64,16,3,688128,44040192,354385920,0.690284,1.40307199955,26.004844,0.201600000262,0.303295999765,0.205280005932,0.175648003817,0.684224009514,0.68976,1693538019.3,218453333049,63848573416.8,13627688749.1,1.75786666438e+12,513781489214,128.992281578,37.7012932034
64,672,64,16,4,688128,44040192,354385920,0.690284,1.40307199955,26.839429,0.202015995979,0.303584009409,0.204960003495,0.170944005251,0.679488018155,0.685091,1640876637.13,218003489211,64283711215,13203929189.4,1.75424682725e+12,517282988683,132.857939639,39.1764437133
64,672,64,16,5,688128,44040192,354385920,0.690284,1.40307199955,26.193692,0.199839994311,0.299327999353,0.207008004189,0.168960005045,0.675296008587,0.681062,1681328160.99,220377268083,64663998285,13529437545.5,1.7733483291e+12,520343111200,131.073322386,38.4600697147
64,672,64,16,6,688128,44040192,354385920,0.690284,1.40307199955,26.081001,0.201823994517,0.302336007357,0.20508800447,0.170783996582,0.678208008409,0.683776,1688592857.31,218210882731,64407338075.6,13587895648.6,1.75591569698e+12,518277798577,129.226463198,38.142609568
64,672,64,16,7,688128,44040192,354385920,0.690284,1.40307199955,25.484904,0.202079996467,0.298047989607,0.20649600029,0.175520002842,0.680063992739,0.685314,1728089381.86,217934445616,64262793405.7,13905719244.6,1.75369124206e+12,517114665686,126.112947573,37.1871930239
64,672,64,16,8,688128,44040192,354385920,0.690284,1.40307199955,25.605876,0.201631993055,0.298496007919,0.204991996288,0.177376002073,0.680864006281,0.686205,1719925223.41,218418671227,64179351651.5,13840023282.2,1.75758774503e+12,516443220320,126.993120546,37.3151988109
64,672,64,16,9,688128,44040192,354385920,0.690284,1.40307199955,25.432939,0.202335998416,0.297984004021,0.204512000084,0.173695996404,0.676192000508,0.681556,1731620242.55,217658708014,64617129040,13934131639.3,1.75147241605e+12,519965960244,125.696560173,37.3159931099
64,672,64,256,0,11010048,704643072,5670174720,0.690284,1.40307199955,400.91401,3.02812790871,7.69609594345,3.02860808372,2.32256007195,13.0472640991,13.05352,1757591539.39,232699242979,53981077288,14143119418.6,1.87250172085e+12,434378981302,132.396656313,30.713095778
64,672,64,256,1,11010048,704643072,5670174720,0.690284,1.40307199955,400.607424,3.03631997108,7.68300819397,3.03135991096,2.32719993591,13.0415680408,13.047842,1758936629.19,232071414973,54004568111.7,14153943188,1.86744966736e+12,434568009024,131.938474145,30.702964061
64,672,64,256,2,11010048,704643072,5670174720,0.690284,1.40307199955,405.500246,3.0301759243,7.66659212112,3.03142404556,2.32540798187,13.0234241486,13.029805,1737713056.78,232541967728,54079325976.1,13983159753.7,1.87123614656e+12,435169576214,133.820694286,31.1209757936
64,672,64,256,3,11010048,704643072,5670174720,0.690284,1.40307199955,395.760085,3.03615999222,7.59955215454,3.02585601807,2.3454079628,12.9708161354,12.977022,1780480393.82,232083643091,54299289313.1,14327303169,1.86754806549e+12,436939593691,130.34889005,30.4969880609
64,672,64,256,4,11010048,704643072,5670174720,0.690284,1.40307199955,395.056716,3.02844810486,7.58758401871,3.03171205521,2.32838392258,12.9476799965,12.953909,1783650406.29,232674639816,54396172769.2,14352811863.1,1.87230374227e+12,437719202752,130.448567161,30.4971044648
64,672,64,256,5,11010048,704643072,5670174720,0.690284,1.40307199955,400.493195,3.02959990501,7.58083200455,3.0261759758,2.32601594925,12.9330239296,12.939016,1759438314.55,232586181045,54458783573.7,14157980187.4,1.87159192559e+12,438223024069,132.193427369,30.9523687891
64,672,64,256,6,11010048,704643072,5670174720,0.690284,1.40307199955,395.399409,3.02796792984,7.56576013565,3.03299188614,2.34832000732,12.9470720291,12.953228,1782104514.98,232711537350,54399032580.9,14340372269,1.87260065211e+12,437742215300,130.58242959,30.5251639977
64,672,64,256,7,11010048,704643072,5670174720,0.690284,1.40307199955,395.868487,3.03004789352,7.58992004395,3.02614402771,2.34735989571,12.9634239674,12.969886,1779992838.88,232551793490,54329164651.1,14323379875.4,1.87131521324e+12,437179996802,130.647600603,30.5221254065
64,672,64,256,8,11010048,704643072,5670174720,0.690284,1.40307199955,395.87265,3.02790403366,7.55151987076,3.02559995651,2.33161592484,12.9087357521,12.914956,1779974120.47,232716448133,54560237913.3,14323229250.6,1.87264016857e+12,439039414459,130.741478461,30.6522647077
64,672,64,256,9,11010048,704643072,5670174720,0.690284,1.40307199955,395.024312,3.02972793579,7.50089597702,3.02512001991,2.32624006271,12.8522560596,12.85857,1783796719.83,232576352377,54799489523.3,14353989229.9,1.87151283553e+12,440964642258,130.382767157,30.7207031575
64,672,64,1024,0,44040192,2818572288,22680698880,0.690284,1.40307199955,1575.531402,12.0661764145,32.3615684509,12.0716161728,9.08486366272,53.5180482864,53.524044,1788966112.91,233592829342,52659927714,14395586689.8,1.87969229861e+12,423747855823,130.57420577,29.4359559603
64,672,64,1024,1,44040192,2818572288,22680698880,0.690284,1.40307199955,1587.382168,12.0636482239,32.3813438416,12.0523195267,9.11187171936,53.5455350876,53.551137,1775610401.09,233641783621,52633285601.4,14288114946.2,1.88008622757e+12,423533470074,131.583923747,29.6423616178
64,672,64,1024,2,44040192,2818572288,22680698880,0.690284,1.40307199955,1576.713814,12.0700798035,32.1983375549,12.0623998642,9.11680030823,53.3775377274,53.383146,1787624528.29,233517286869,52798916871.6,14384791126.1,1.87908441778e+12,424866284201,130.629941117,29.5357979464
64,672,64,1024,3,44040192,2818572288,22680698880,0.690284,1.40307199955,1580.362316,12.0640964508,32.2304000854,12.0753917694,9.17014408112,53.475935936,53.481537,1783497530.58,233633102943,52701781700.9,14351581691.3,1.88001637524e+12,424084649624,130.997155273,29.5496802195
64,672,64,1024,4,44040192,2818572288,22680698880,0.690284,1.40307199955,1579.900116,12.0676164627,32.1573448181,12.0695676804,9.26793575287,53.4948482513,53.500505,1784019293.03,233564954331,52683096879.2,14355780248.6,1.87946799188e+12,423934295200,130.920643764,29.5305645433
64,672,64,1024,5,44040192,2818572288,22680698880,0.690284,1.40307199955,1574.315534,12.0681600571,32.3191986084,12.0755519867,9.13523197174,53.5299825668,53.535785,1790347758.84,233554433706,52648378799.3,14406704621.9,1.87938333373e+12,423654923151,130.451993225,29.4067890104
64,672,64,1024,6,44040192,2818572288,22680698880,0.690284,1.40307199955,1569.777318,12.0735998154,32.2742080688,12.0695037842,9.09299182892,53.4367036819,53.441973,1795523642.55,233449205796,52740797724.7,14448354311.1,1.87853657789e+12,424398606691,130.017338822,29.3734910947
64,672,64,1024,7,44040192,2818572288,22680698880,0.690284,1.40307199955,1585.596724,12.0619840622,32.3117446899,12.0768318176,9.17852783203,53.5671043396,53.572947,1777609807.93,233674018592,52611858145.5,14304203923.2,1.88034561835e+12,423361046015,131.454055637,29.5969666182
64,672,64,1024,8,44040192,2818572288,22680698880,0.690284,1.40307199955,1571.843431,12.0704641342,32.3395843506,12.0664644241,9.1031999588,53.5092487335,53.51492,1793163512.61,233509851540,52668905942.5,14429362640.5,1.87902458661e+12,423820102506,130.222285864,29.3720598106
64,672,64,1024,9,44040192,2818572288,22680698880,0.690284,1.40307199955,1569.02521,12.0658559799,32.2552947998,12.0710077286,9.18467235565,53.510974884,53.516533,1796384321.96,233599032898,52667318490.2,14455280090.8,1.87974221785e+12,423807328475,130.038450037,29.3185137759
64,672,64,4096,0,176160768,11274289152,90722795520,0.690284,1.40307199955,6292.132741,48.2102088928,130.33555603,48.211265564,36.6410560608,215.187877655,215.192557,1791807264.1,233856882410,52391631519.1,14418449078.3,1.88181710064e+12,421588909880,130.514529713,29.2395463334
64,672,64,4096,1,176160768,11274289152,90722795520,0.690284,1.40307199955,6322.833361,48.2128944397,130.526535034,48.2067832947,37.5294075012,216.26272583,216.266996,1783107114.85,233843856151,52131343943,14348440064.8,1.88171227997e+12,419494408291,131.144031788,29.2362379741
64,672,64,4096,2,176160768,11274289152,90722795520,0.690284,1.40307199955,6301.263783,48.2225608826,130.608795166,48.211681366,36.4044799805,215.224956512,215.229475,1789210790.13,233796981032,52382644858.5,14397555576.8,1.88133508175e+12,421516595346,130.670451085,29.2769555982
64,672,64,4096,3,176160768,11274289152,90722795520,0.690284,1.40307199955,6290.002779,48.2738876343,130.29750061,48.1896324158,36.3783683777,214.865501404,214.871059,1792414017.63,233548398617,52470021809.7,14423331548.1,1.87933477012e+12,422219706750,130.298243776,29.2733828756
64,672,64,4096,4,176160768,11274289152,90722795520,0.690284,1.40307199955,6279.991378,48.2121582031,130.448898315,48.2063026428,36.3526382446,215.007839203,215.012553,1795271438.03,233847427126,52435492694.2,14446324852.9,1.88174101516e+12,421941855274,130.257420785,29.2075569095
64,672,64,4096,5,176160768,11274289152,90722795520,0.690284,1.40307199955,6309.066519,48.1955833435,130.522247314,48.2100791931,36.4209289551,215.153255463,215.157735,1786997984.26,233927849190,52400110793.1,14379749404.6,1.88238816145e+12,421657141539,130.905491361,29.3229825969
64,672,64,4096,6,176160768,11274289152,90722795520,0.690284,1.40307199955,6306.876554,48.2080955505,130.336517334,48.2011833191,36.3750724792,214.912773132,214.917386,1787618491.57,233867134207,52458711516.2,14384742549.4,1.88189959558e+12,422128694232,130.826088066,29.3455856289
64,672,64,4096,7,176160768,11274289152,90722795520,0.690284,1.40307199955,6287.093329,48.207775116,130.414886475,48.2029457092,36.6368942261,215.25472641,215.25882,1793243485.03,233868688710,52375503833,14430006168.6,1.88191210446e+12,421459132406,130.416583505,29.2071345973
64,672,64,4096,8,176160768,11274289152,90722795520,0.690284,1.40307199955,6300.872408,48.2095985413,130.384414673,48.1903343201,36.7576637268,215.33241272,215.336603,1789321925.91,233859843125,52356584969.4,14398449872.6,1.88184092515e+12,421306894676,130.697466867,29.2605730759
64,672,64,4096,9,176160768,11274289152,90722795520,0.690284,1.40307199955,6308.530824,48.206401825,130.384613037,48.1902732849,37.4402542114,216.015140533,216.019347,1787149728.92,233875351098,52191108382.5,14380970474.9,1.88196571587e+12,419975325266,130.86500102,29.2035454769
64,672,64,15360,0,660602880,42278584320,340210483200,0.690284,1.40307199955,23550.920408,180.374694824,490.949829102,180.35848999,137.394500732,808.702819824,808.705946,1795198811.24,234393102432,52279304398.7,14445740434.2,1.88613199613e+12,420685027584,130.566654214,29.1217351925
64,672,64,15360,1,660602880,42278584320,340210483200,0.690284,1.40307199955,23534.054328,180.363204956,489.201782227,180.44140625,161.705764771,831.348953247,831.351843,1796485370.98,234408034224,50855224146.1,14456093219.6,1.88625215039e+12,409225631800,130.481460083,28.3081760462
64,672,64,15360,2,660602880,42278584320,340210483200,0.690284,1.40307199955,23556.307265,180.40071106,489.047241211,180.363388062,146.847457886,816.258087158,816.260973,1794788285.12,234359299759,51795425382.9,14442436981.9,1.88585999025e+12,416791313628,130.577685236,28.8587939938
64,672,64,15360,3,660602880,42278584320,340210483200,0.690284,1.40307199955,23600.257068,180.40524292,488.636108398,180.39024353,148.652359009,817.678710938,817.681889,1791445923.58,234353412549,51705418560.4,14415541416.3,1.8858126166e+12,416067039978,130.818022171,28.8623942703
64,672,64,15360,4,660602880,42278584320,340210483200,0.690284,1.40307199955,23614.087536,180.415649414,488.429351807,180.381210327,141.861251831,810.671813965,810.675,1790396696.7,234339894889,52152322842.1,14407098418.7,1.88570384168e+12,419663222870,130.887135416,29.1289203886
64,672,64,15360,5,660602880,42278584320,340210483200,0.690284,1.40307199955,23627.814174,180.572647095,489.171722412,180.371871948,152.560058594,822.103652954,822.107095,1789356561.24,234136149634,51427100650.4,14398728578.7,1.88406432909e+12,413827450546,130.849353732,28.740554993
64,672,64,15360,6,660602880,42278584320,340210483200,0.690284,1.40307199955,23600.916224,180.588546753,489.163726807,180.378936768,152.344024658,821.886688232,821.889941,1791395889.83,234115535454,51440688358.5,14415138801,1.88389844936e+12,413936789135,130.688887243,28.7154216723
64,672,64,15360,7,660602880,42278584320,340210483200,0.690284,1.40307199955,23645.940826,180.593185425,489.50378418,180.372390747,161.730438232,831.606613159,831.610246,1787984865.19,234109522021,50839422101.1,14387690712.1,1.88385006001e+12,409098474720,130.934845467,28.4339219481
64,672,64,15360,8,660602880,42278584320,340210483200,0.690284,1.40307199955,23587.997749,180.534942627,488.694702148,180.393188477,139.689285278,808.777175903,808.780896,1792376986.38,234185048638,52274459657.9,14423033562.2,1.88445781326e+12,420646042559,130.656134518,29.164879964
64,672,64,15360,9,660602880,42278584320,340210483200,0.690284,1.40307199955,23628.88035,180.631744385,488.352416992,180.381820679,160.328384399,829.06262207,829.065643,1789275822.37,234059547307,50995460585,14398078883.2,1.88344791974e+12,410354096895,130.812446231,28.5006145768
